Name,Style,Age,Height,Reach,Sig. Str. Landed Per Min,Sig. Str. Absorbed Per Min,Takedown avg Per 15 Min,Submission avg Per 15 Min,Sig. Str. Defense (%),Takedown Defense (%),Knockdown Avg,Average fight time (secs),Sig. Str. By Position (Standing),Sig. Str. By Position (Clinch),Sig. Str. By Position (Ground),Win by Method (KO/TKO),Win by Method (Decision),Win by Method (Sub),Striking accuracy (%),Takedown Accuracy (%),Wins,Losses,Draws
Nariman Abbassov,,29.0,,,3.0,5.67,0.0,0.0,46.0,67.0,0.0,900.0,45.0,0.0,0.0,0.0,0.0,0.0,20.0,0.0,0.0,1.0,0.0
Hamdy Abdelwahab,Wrestler,30.0,74.0,72.0,3.87,3.13,3.0,0.0,59.0,1.0,900.0,30.0,2.0,26.0,5.0,0.0,0.0,53.0,75.0,5.0,0.0,0.0,
Israel Adesanya,Freestyle,35.0,76.0,80.0,3.93,3.11,0.05,0.15,56.0,78.0,0.67,1096.0,1052.0,60.0,36.0,16.0,8.0,0.0,48.0,14.0,24.0,3.0,0.0
Fabio Agu,,35.0,,,0.0,0.0,0.0,0.0,0.0,0.0,0.0,0.0,0.0,0.0,,,,,,,,,
Jesus Aguilar,Freestyle,28.0,64.0,62.5,1.49,1.11,1.9,1.43,59.0,40.0,0.48,473.0,23.0,6.0,18.0,1.0,3.0,6.0,51.0,33.0,10.0,2.0,0.0
Nick Aguirre,Freestyle,27.0,69.0,74.0,0.73,2.89,1.16,0.58,46.0,33.0,0.0,779.0,18.0,1.0,0.0,3.0,0.0,4.0,34.0,20.0,7.0,2.0,0.0
Abdul-Kareem Al-Selwady,MMA,28.0,68.0,69.0,4.14,3.6,2.32,0.0,59.0,20.0,0.0,775.0,102.0,5.0,0.0,8.0,5.0,2.0,35.0,31.0,15.0,4.0,0.0
Herdem Alacabek,,32.0,74.0,74.5,3.84,6.66,2.06,0.0,23.0,43.0,0.0,874.0,24.0,26.0,6.0,0.0,0.0,0.0,66.0,50.0,0.0,0.0,0.0
Amir Albazi,Jiu-Jitsu,30.0,65.0,68.0,2.8,3.07,1.71,0.73,63.0,40.0,0.49,738.0,139.0,3.0,30.0,5.0,3.0,9.0,39.0,33.0,17.0,1.0,0.0
Jose Alday,,31.0,67.0,68.0,3.13,3.13,0.0,0.0,59.0,57.0,0.0,900.0,44.0,3.0,0.0,0.0,0.0,0.0,44.0,0.0,0.0,1.0,0.0
José Aldo,Jiu-Jitsu,37.0,67.0,70.0,3.63,3.73,0.51,0.15,61.0,92.0,0.4,854.0,1296.0,58.0,144.0,17.0,13.0,1.0,47.0,54.0,32.0,8.0,0.0
Lucas Alexander,Striker,28.0,71.0,73.0,5.23,1.83,0.0,0.0,71.0,57.0,0.81,371.0,90.0,1.0,6.0,3.0,5.0,0.0,55.0,0.0,8.0,4.0,0.0
Marcio Alexandre,,34.0,73.0,75.0,1.61,2.89,0.35,0.71,42.0,67.0,0.0,634.0,51.0,9.0,8.0,10.0,1.0,2.0,45.0,20.0,13.0,3.0,0.0
Bill Algeo,,35.0,72.0,73.0,5.88,4.38,1.03,0.11,47.0,55.0,0.23,715.0,628.0,80.0,63.0,4.0,6.0,7.0,52.0,50.0,18.0,9.0,0.0
Abdul Razak Alhassan,Judo,38.0,70.0,73.0,3.62,3.97,0.88,0.18,56.0,52.0,1.76,365.0,212.0,48.0,48.0,12.0,0.0,0.0,50.0,38.0,12.0,6.0,0.0
Nurullo Aliev,Freestyle,22.0,70.0,72.0,2.5,0.46,3.06,0.0,59.0,0.0,588.0,2.0,0.0,47.0,2.0,6.0,0.0,51.0,44.0,9.0,0.0,0.0,
Ikram Aliskerov,Sambo,31.0,72.0,76.0,7.03,7.27,1.82,1.82,36.0,3.64,124.0,56.0,2.0,0.0,6.0,4.0,5.0,60.0,33.0,15.0,2.0,0.0,
Leon Aliu,,33.0,,,6.32,10.11,0.0,0.0,38.0,0.0,95.0,7.0,3.0,0.0,0.0,0.0,0.0,50.0,0.0,0.0,1.0,0.0,
Brendan Allen,MMA,28.0,74.0,75.0,3.98,3.83,1.74,1.43,47.0,59.0,0.41,585.0,446.0,39.0,97.0,5.0,5.0,14.0,54.0,47.0,24.0,5.0,0.0
Arnold Allen,MMA,30.0,68.0,70.0,3.45,2.88,0.93,0.34,62.0,75.0,0.25,817.0,549.0,27.0,35.0,7.0,9.0,4.0,42.0,48.0,20.0,3.0,0.0
Asu Almabayev,,30.0,64.0,65.0,2.36,1.0,6.68,2.36,59.0,0.0,764.0,36.0,13.0,41.0,3.0,7.0,9.0,62.0,57.0,20.0,2.0,0.0,
Bekzat Almakhan,Karate,26.0,67.0,68.0,0.2,4.53,0.0,0.0,31.0,1.0,900.0,3.0,0.0,0.0,9.0,1.0,1.0,19.0,11.0,2.0,0.0,,
Jailton Almeida,Boxing,33.0,75.0,79.0,2.46,0.72,6.85,2.6,40.0,75.0,0.0,423.0,11.0,3.0,142.0,7.0,0.0,13.0,64.0,59.0,21.0,3.0,0.0
Victor Altamirano,Striker,33.0,68.0,70.0,4.55,3.7,3.43,0.0,54.0,63.0,0.19,787.0,254.0,47.0,57.0,2.0,5.0,4.0,57.0,39.0,12.0,4.0,0.0
Jaime Alvarez,,35.0,68.0,69.0,2.73,4.53,1.0,0.0,57.0,50.0,0.0,900.0,26.0,0.0,15.0,4.0,2.0,1.0,40.0,33.0,7.0,1.0,0.0
Joel Álvarez,Striker,31.0,74.0,77.0,4.39,3.36,0.0,1.23,51.0,43.0,0.25,456.0,211.0,36.0,20.0,4.0,0.0,17.0,52.0,0.0,21.0,3.0,0.0
Hyder Amil,MMA,34.0,69.0,70.0,6.31,2.23,0.64,1.93,62.0,78.0,0.64,466.0,112.0,11.0,24.0,6.0,3.0,1.0,57.0,33.0,10.0,0.0,0.0
Eryk Anders,MMA,36.0,73.0,75.0,3.41,4.17,1.79,0.07,51.0,80.0,0.5,739.0,424.0,179.0,112.0,9.0,5.0,1.0,47.0,26.0,16.0,8.0,0.0
Juan Andres Luna,,27.0,67.0,72.0,3.27,3.0,0.0,0.0,66.0,0.0,900.0,49.0,0.0,0.0,0.0,0.0,0.0,32.0,0.0,0.0,1.0,0.0,
Julius Anglickas,,31.0,75.0,75.0,4.62,1.86,4.47,1.12,51.0,60.0,0.0,805.0,15.0,38.0,9.0,0.0,0.0,0.0,78.0,50.0,0.0,0.0,0.0
Chad Anheliger,Freestyle,37.0,66.0,64.5,3.6,3.11,0.82,0.61,54.0,43.0,0.61,880.0,186.0,38.0,40.0,7.0,2.0,3.0,46.0,31.0,13.0,7.0,0.0
Magomed Ankalaev,MMA,32.0,75.0,75.0,3.64,2.25,1.02,0.0,59.0,86.0,0.71,681.0,361.0,49.0,127.0,11.0,8.0,0.0,53.0,31.0,19.0,1.0,1.0
Aoriqileng,,31.0,67.0,69.0,5.31,6.03,1.45,0.0,48.0,59.0,0.41,620.0,318.0,23.0,43.0,8.0,16.0,1.0,50.0,47.0,25.0,10.0,0.0
Josh Appelt,,40.0,70.0,,1.35,11.5,0.0,0.0,33.0,33.0,0.0,266.0,4.0,2.0,0.0,0.0,0.0,0.0,40.0,0.0,15.0,7.0,0.0
Julio Arce,Freestyle,34.0,67.0,70.0,4.36,3.05,0.46,0.35,68.0,96.0,0.35,708.0,507.0,44.0,15.0,6.0,9.0,5.0,36.0,29.0,19.0,6.0,0.0
Dan Argueta,MMA,30.0,67.0,68.0,2.18,1.9,4.45,1.57,52.0,57.0,0.0,688.0,76.0,21.0,28.0,2.0,2.0,4.0,46.0,49.0,9.0,2.0,0.0
Rheza Arianto,,22.0,,,0.0,0.0,0.0,0.0,0.0,0.0,0.0,0.0,0.0,0.0,,,,,,,,,
Eli Aronov,,27.0,,,8.92,6.49,12.16,0.0,38.0,0.0,74.0,10.0,0.0,1.0,0.0,0.0,0.0,69.0,100.0,0.0,1.0,0.0,
Yanal Ashmouz,MMA,28.0,69.0,69.0,3.08,5.35,0.92,0.0,59.0,50.0,0.0,488.0,36.0,1.0,13.0,4.0,1.0,2.0,42.0,50.0,7.0,1.0,0.0
Ibo Aslan,Striker,27.0,75.0,77.5,6.83,4.53,0.0,0.0,65.0,100.0,2.16,417.0,81.0,8.0,6.0,13.0,0.0,0.0,45.0,13.0,1.0,0.0,
Tom Aspinall,Freestyle,31.0,77.0,78.0,8.07,2.89,3.27,1.63,65.0,100.0,4.09,122.0,81.0,17.0,50.0,12.0,0.0,3.0,67.0,100.0,15.0,3.0,0.0
Jose Augusto,,31.0,,,0.0,0.0,0.0,0.0,0.0,0.0,0.0,0.0,0.0,0.0,,,,,,,,,
Ottman Azaitar,Freestyle,33.0,68.0,71.0,5.73,4.96,0.0,0.0,48.0,100.0,1.28,175.0,43.0,16.0,8.0,10.0,1.0,2.0,52.0,13.0,2.0,0.0,
Abdul Azeem Badakhshi,,27.0,,,0.0,0.0,0.0,0.0,0.0,0.0,0.0,0.0,0.0,0.0,,,,,,,,,
Ignacio Bahamondes,Freestyle,26.0,75.0,75.5,7.15,4.38,0.0,0.36,58.0,86.0,0.54,709.0,550.0,33.0,8.0,10.0,4.0,1.0,47.0,0.0,15.0,5.0,0.0
Bryan Barberena,Striker,34.0,72.0,72.5,5.35,4.59,0.13,0.27,44.0,50.0,0.4,703.0,897.0,202.0,92.0,11.0,5.0,2.0,48.0,22.0,18.0,12.0,0.0
Edson Barboza,Striker,38.0,71.0,75.0,4.11,4.65,0.45,0.08,56.0,73.0,0.66,732.0,1380.0,65.0,60.0,14.0,8.0,1.0,44.0,50.0,24.0,12.0,0.0
Raoni Barcelos,Jiu-Jitsu,36.0,67.5,67.0,5.22,4.79,1.86,0.55,61.0,85.0,0.55,749.0,537.0,46.0,133.0,8.0,13.0,3.0,52.0,33.0,18.0,5.0,0.0
Daniel Barez,Freestyle,34.0,66.0,66.0,3.8,5.32,4.07,1.63,55.0,92.0,0.81,553.0,63.0,5.0,2.0,7.0,2.0,6.0,53.0,31.0,16.0,6.0,0.0
Danny Barlow,MMA,28.0,74.0,79.0,5.72,3.48,0.0,0.0,52.0,100.0,0.54,552.0,145.0,7.0,6.0,5.0,2.0,1.0,51.0,0.0,9.0,0.0,0.0
Shonte Barnes,,36.0,71.0,76.0,2.32,1.55,0.0,0.0,68.0,60.0,0.0,466.0,16.0,2.0,0.0,0.0,0.0,0.0,38.0,0.0,0.0,1.0,0.0
James Barnes,,41.0,68.0,71.0,0.57,3.02,1.08,0.0,39.0,40.0,0.0,469.0,5.0,3.0,0.0,0.0,0.0,0.0,35.0,17.0,0.0,1.0,0.0
Chris Barnett,Boxing,37.0,69.0,75.0,4.41,5.87,0.0,0.0,41.0,33.0,0.45,503.0,100.0,11.0,37.0,18.0,5.0,0.0,49.0,0.0,23.0,8.0,0.0
Marc-Andre Barriault,Striker,34.0,73.0,74.0,6.12,5.67,0.21,0.11,52.0,67.0,0.32,647.0,566.0,226.0,66.0,10.0,5.0,1.0,48.0,25.0,16.0,7.0,0.0
Javid Basharat,MMA,28.0,69.0,69.0,5.42,2.97,1.7,0.19,62.0,86.0,0.0,795.0,319.0,31.0,81.0,5.0,2.0,6.0,54.0,41.0,14.0,1.0,0.0
Cameron Bates,,,,,,,,,,,,,,,,,,,,,,,
Bryan Battle,Freestyle,29.0,73.0,77.0,4.52,3.74,1.12,0.56,45.0,48.0,0.56,461.0,199.0,41.0,3.0,3.0,2.0,6.0,52.0,29.0,11.0,2.0,0.0
Mario Bautista,Freestyle,31.0,69.0,72.0,5.69,3.99,2.25,1.04,54.0,67.0,0.17,520.0,374.0,86.0,33.0,3.0,5.0,6.0,49.0,45.0,14.0,2.0,0.0
Donavan Beard,,33.0,,,0.0,5.77,0.0,0.0,29.0,0.0,52.0,0.0,0.0,0.0,0.0,0.0,0.0,0.0,0.0,1.0,0.0,,
Rolando Bedoya,Striker,27.0,71.0,74.0,7.29,6.38,0.0,0.0,53.0,33.0,0.0,900.0,304.0,24.0,0.0,4.0,7.0,3.0,49.0,0.0,14.0,4.0,0.0
Allan Begosso,,27.0,,,1.8,7.73,0.0,2.0,34.0,25.0,0.0,900.0,12.0,2.0,13.0,0.0,0.0,0.0,40.0,0.0,1.0,0.0,
Yousri Belgaroui,,31.0,,,2.2,3.2,0.0,0.0,51.0,75.0,0.0,900.0,32.0,1.0,0.0,0.0,0.0,0.0,48.0,0.0,1.0,0.0,
Cody Belisle,,30.0,,,,,,,,,,,,,,,,,,,,,
Gabriel Benitez,Striker,35.0,68.0,71.0,5.26,4.49,0.22,0.86,64.0,56.0,0.43,556.0,658.0,19.0,54.0,9.0,4.0,10.0,42.0,50.0,23.0,13.0,0.0
Khadzhimurat Bestaev,,34.0,,,6.15,10.0,0.0,0.0,43.0,0.0,78.0,8.0,0.0,0.0,0.0,0.0,0.0,30.0,0.0,1.0,0.0,,
Blake Bilder,,33.0,,,3.81,4.15,0.31,0.62,54.0,71.0,0.0,724.0,169.0,13.0,2.0,1.0,2.0,4.0,48.0,8.0,8.0,2.0,1.0
Chris Birchler,,36.0,75.0,,9.35,14.83,0.0,0.0,35.0,0.0,263.0,41.0,0.0,0.0,0.0,0.0,0.0,47.0,7.0,4.0,0.0,,
Simon Biyong,,32.0,,,0.0,0.0,0.0,0.0,0.0,0.0,0.0,0.0,0.0,0.0,,,,,,,,,
Jan Błachowicz,MMA,41.0,74.0,78.0,3.41,2.91,1.09,0.34,53.0,69.0,0.34,786.0,679.0,105.0,110.0,9.0,11.0,9.0,50.0,50.0,29.0,10.0,1.0
Sherrard Blackledge,,29.0,,,3.7,3.13,4.0,0.0,55.0,43.0,0.0,900.0,65.0,39.0,7.0,0.0,0.0,0.0,50.0,33.0,1.0,1.0,0.0
Da'Mon Blackshear,MMA,29.0,70.0,72.0,4.28,4.14,2.33,0.78,48.0,67.0,0.0,580.0,159.0,58.0,31.0,2.0,3.0,9.0,47.0,38.0,14.0,7.0,1.0
Curtis Blaydes,MMA,33.0,76.0,80.0,3.54,1.91,5.69,0.0,59.0,32.0,0.18,516.0,265.0,73.0,241.0,13.0,5.0,0.0,50.0,53.0,18.0,5.0,0.0
Dashawn Boatwright,,35.0,72.0,76.0,0.0,52.5,0.0,0.0,13.0,0.0,8.0,0.0,0.0,0.0,0.0,0.0,0.0,0.0,3.0,2.0,0.0,,
Gaston Bolanos,Striker,31.0,67.0,70.5,3.88,3.49,0.0,0.0,49.0,50.0,0.0,705.0,71.0,0.0,20.0,6.0,0.0,0.0,44.0,7.0,4.0,0.0,
Denys Bondar,MMA,31.0,66.0,69.0,4.59,5.16,3.99,0.0,57.0,63.0,0.0,527.0,104.0,10.0,7.0,4.0,1.0,9.0,51.0,58.0,14.0,5.0,0.0
Ismael Bonfim,Boxer,28.0,68.0,71.5,5.8,3.16,1.07,0.0,70.0,77.0,0.71,631.0,216.0,22.0,6.0,9.0,7.0,4.0,55.0,33.0,20.0,4.0,0.0
Michael Bonnette,,34.0,,,,,,,,,,,,,,,,,,,,,
Branden Bordeaux,,,,,,,,,,,,,,,,,,,,,,,
Kevin Borjas,,26.0,65.0,68.0,4.92,6.7,0.0,0.0,49.0,61.0,0.0,732.0,175.0,3.0,2.0,8.0,1.0,0.0,40.0,0.0,9.0,3.0,0.0
Caio Borralho,MMA,31.0,73.5,75.0,2.91,2.06,1.99,0.5,60.0,77.0,0.5,680.0,181.0,35.0,48.0,5.0,7.0,4.0,60.0,63.0,16.0,1.0,0.0
Zach Borrego,,26.0,,,0.0,1.94,0.0,0.0,33.0,0.0,62.0,0.0,0.0,0.0,0.0,0.0,0.0,0.0,1.0,0.0,,,
Tanner Boser,Karate,32.0,74.0,75.5,4.7,2.75,0.0,0.0,58.0,63.0,0.27,659.0,451.0,39.0,26.0,11.0,7.0,2.0,53.0,21.0,10.0,1.0,
Anvar Boynazarov,,34.0,,,0.0,7.83,0.0,0.0,29.0,0.0,92.0,0.0,0.0,0.0,0.0,0.0,0.0,0.0,0.0,1.0,0.0,,
Sean Brady,Brazilian Jiu-Jitsu,31.0,70.0,72.0,3.77,3.55,3.29,1.21,61.0,88.0,0.17,744.0,279.0,6.0,42.0,3.0,8.0,5.0,53.0,58.0,16.0,1.0,0.0
Ramiz Brahimaj,MMA,31.0,70.0,72.0,1.74,3.69,1.61,1.61,45.0,44.0,0.0,560.0,71.0,10.0,0.0,0.0,0.0,10.0,42.0,36.0,10.0,5.0,0.0
Elves Brener,Jiu-Jitsu,26.0,70.0,72.5,3.99,5.3,1.23,0.0,48.0,76.0,0.49,731.0,215.0,11.0,17.0,3.0,2.0,11.0,48.0,24.0,16.0,5.0,0.0
Marcos Brigagao,,27.0,,,3.07,3.27,0.0,0.0,26.0,36.0,0.0,900.0,36.0,10.0,0.0,0.0,0.0,0.0,43.0,0.0,0.0,0.0,0.0
Joanderson Brito,Striker,29.0,68.0,72.0,3.35,2.65,3.11,0.62,46.0,63.0,0.31,414.0,91.0,22.0,49.0,7.0,2.0,7.0,52.0,77.0,17.0,3.0,1.0
Kaik Brito,,26.0,,,2.8,3.87,0.0,2.0,55.0,56.0,0.0,900.0,31.0,8.0,3.0,0.0,0.0,0.0,38.0,0.0,1.0,0.0,
TJ Brown,MMA,33.0,69.0,72.0,3.37,2.89,3.41,1.31,49.0,37.0,0.0,762.0,284.0,48.0,53.0,4.0,3.0,10.0,45.0,58.0,17.0,11.0,0.0
Randy Brown,,33.0,75.0,78.0,4.38,3.2,0.72,0.64,55.0,70.0,0.4,626.0,617.0,131.0,75.0,7.0,7.0,5.0,47.0,39.0,19.0,5.0,0.0
Matt Brown,Brawler,42.0,72.0,75.0,3.76,2.92,1.68,1.3,55.0,64.0,0.6,553.0,586.0,276.0,177.0,17.0,2.0,7.0,55.0,47.0,26.0,19.0,0.0
Travis Browne,,40.0,78.5,79.0,2.93,4.31,1.21,0.22,43.0,75.0,0.66,482.0,248.0,56.0,96.0,0.0,0.0,0.0,41.0,69.0,18.0,7.0,1.0
Cody Brundage,Wrestler,30.0,72.0,72.0,1.62,2.63,2.31,0.92,41.0,69.0,0.46,354.0,50.0,8.0,47.0,5.0,2.0,3.0,54.0,50.0,10.0,6.0,0.0
Robert Bryczek,Boxing,33.0,72.0,75.0,2.13,4.47,0.0,0.0,60.0,100.0,0.0,900.0,30.0,2.0,0.0,11.0,5.0,1.0,24.0,17.0,6.0,0.0,
Lukasz Brzeski,Striker,32.0,75.0,78.0,4.9,3.51,0.46,0.46,54.0,37.0,0.0,653.0,268.0,33.0,19.0,6.0,2.0,1.0,50.0,50.0,9.0,5.0,1.0
Joaquin Buckley,Freestyle,30.0,70.0,76.0,4.25,3.12,1.69,0.0,58.0,69.0,0.9,613.0,405.0,28.0,132.0,13.0,5.0,0.0,36.0,44.0,19.0,6.0,0.0
Martin Buday,Jiu-Jitsu,32.0,76.0,77.0,4.84,5.54,0.21,0.21,52.0,100.0,0.42,614.0,224.0,112.0,11.0,7.0,5.0,2.0,54.0,25.0,14.0,2.0,0.0
Dylan Budka,Freestyle,24.0,72.0,75.0,1.04,1.8,3.38,0.68,34.0,100.0,0.0,667.0,6.0,13.0,4.0,1.0,4.0,2.0,61.0,38.0,7.0,3.0,0.0
Modestas Bukauskas,Kickboxer,30.0,75.0,76.0,3.21,4.11,0.38,0.19,50.0,71.0,0.0,591.0,217.0,29.0,7.0,9.0,3.0,2.0,42.0,67.0,16.0,6.0,0.0
Felipe Bunes,Brazilian Jiu-Jitsu,34.0,66.97,,5.25,8.72,3.15,0.0,41.0,0.0,571.0,49.0,1.0,0.0,2.0,3.0,8.0,55.0,33.0,13.0,7.0,0.0,
Justin Burlinson,,26.0,73.0,74.0,1.24,3.09,0.0,9.28,62.0,100.0,0.0,97.0,1.0,1.0,0.0,0.0,0.0,0.0,40.0,0.0,1.0,0.0,
Nate Burnard,,25.0,,,,,,,,,,,,,,,,,,,,,
Gilbert Burns,Brazilian Jiu-Jitsu,38.0,70.0,71.0,3.29,3.42,2.24,0.5,54.0,50.0,0.22,731.0,661.0,83.0,138.0,6.0,6.0,9.0,49.0,39.0,22.0,7.0,0.0
Herbert Burns,Jiu-Jitsu,36.0,69.0,73.5,1.73,4.6,3.0,2.5,42.0,67.0,0.5,300.0,28.0,13.0,11.0,1.0,2.0,8.0,40.0,43.0,11.0,5.0,0.0
JP Buys,,27.0,65.0,67.0,1.88,3.02,1.55,2.32,40.0,25.0,0.0,388.0,38.0,12.0,23.0,3.0,1.0,5.0,40.0,25.0,9.0,6.0,0.0
Dennis Buzukja,MMA,26.0,69.0,70.5,4.16,5.09,0.8,0.27,45.0,73.0,0.53,674.0,184.0,33.0,17.0,5.0,6.0,1.0,43.0,30.0,12.0,4.0,0.0
Ricky Calatayud,,40.0,,,0.0,0.0,0.0,0.0,0.0,0.0,0.0,0.0,0.0,0.0,,,,,,,,,
Charlie Campbell,MMA,28.0,72.0,72.5,5.55,3.73,2.95,0.0,55.0,71.0,0.74,407.0,89.0,22.0,2.0,6.0,3.0,0.0,54.0,40.0,9.0,2.0,0.0
Aleksa Camur,MMA,27.0,73.0,74.0,4.73,4.26,0.46,0.0,54.0,50.0,0.23,790.0,220.0,63.0,28.0,5.0,1.0,0.0,57.0,22.0,6.0,3.0,0.0
Carlos Candelario,Freestyle,32.0,68.0,68.0,3.97,5.17,2.28,0.28,44.0,54.0,0.0,790.0,141.0,16.0,52.0,2.0,3.0,3.0,47.0,36.0,8.0,3.0,0.0
Jared Cannonier,Striker,40.0,71.0,77.5,4.62,4.19,0.47,0.0,58.0,62.0,0.34,786.0,839.0,114.0,76.0,10.0,4.0,2.0,52.0,47.0,17.0,7.0,0.0
Clayton Carpenter,,27.0,66.0,66.0,4.5,2.85,2.47,2.47,61.0,0.0,547.0,59.0,4.0,19.0,2.0,2.0,2.0,52.0,50.0,7.0,0.0,0.0,
Jack Cartwright,,29.0,,,0.8,3.33,6.0,2.0,30.0,0.0,900.0,8.0,1.0,3.0,0.0,0.0,0.0,39.0,67.0,0.0,1.0,0.0,
Henry Cejudo,Wrestling,37.0,64.0,64.0,3.77,3.29,1.99,0.16,60.0,76.0,0.4,808.0,460.0,150.0,101.0,8.0,8.0,0.0,47.0,32.0,16.0,4.0,0.0
Vinicius Cenci,,27.0,,,2.9,2.69,1.61,0.0,62.0,0.0,558.0,22.0,5.0,0.0,0.0,0.0,0.0,48.0,50.0,0.0,1.0,0.0,
Edgar Chairez,,28.0,67.0,71.0,2.69,4.1,0.0,1.66,44.0,42.0,0.42,541.0,94.0,0.0,3.0,4.0,0.0,7.0,49.0,11.0,5.0,0.0,
Michael Chandler,Wrestler,38.0,68.0,71.5,4.89,4.58,2.17,0.87,46.0,71.0,0.65,464.0,218.0,21.0,100.0,11.0,5.0,7.0,46.0,38.0,23.0,8.0,0.0
Morgan Charriere,MMA,28.0,68.0,69.0,3.98,4.24,1.59,0.8,55.0,88.0,0.8,566.0,70.0,5.0,0.0,11.0,5.0,3.0,49.0,40.0,19.0,10.0,1.0
Michael Chiesa,Wrestling,36.0,73.0,75.5,1.86,1.72,3.35,1.03,54.0,61.0,0.09,552.0,188.0,41.0,95.0,0.0,7.0,12.0,40.0,51.0,19.0,7.0,0.0
Giga Chikadze,Karate,35.0,72.0,74.0,3.92,3.5,0.21,0.21,61.0,70.0,0.62,795.0,513.0,11.0,48.0,9.0,5.0,1.0,42.0,33.0,15.0,4.0,0.0
SeungGuk Choi,Wrestling,26.0,66.0,64.0,2.69,2.69,1.02,0.0,66.0,74.0,0.21,878.0,170.0,7.0,20.0,2.0,4.0,0.0,43.0,28.0,7.0,3.0,0.0
Dooho Choi,Striker,33.0,70.0,70.0,4.41,4.49,0.75,0.75,55.0,48.0,0.99,452.0,195.0,32.0,39.0,12.0,2.0,1.0,54.0,38.0,15.0,4.0,1.0
Devin Clark,Boxer,33.0,72.0,75.0,3.03,3.24,2.17,0.08,44.0,59.0,0.23,684.0,306.0,182.0,100.0,4.0,8.0,1.0,54.0,33.0,14.0,9.0,0.0
Mark Climaco,,25.0,,,6.2,4.27,6.0,0.0,60.0,0.0,900.0,73.0,18.0,2.0,0.0,0.0,0.0,61.0,35.0,1.0,1.0,0.0,
Coltin Cole,,34.0,,,,,,,,,,,,,,,,,,,,,
Chandler Cole,,,,,2.45,3.59,0.0,0.0,27.0,0.0,368.0,15.0,0.0,0.0,0.0,0.0,0.0,60.0,0.0,0.0,1.0,0.0,
Jake Collier,Freestyle,34.0,75.0,78.5,5.8,5.08,0.71,0.61,51.0,68.0,0.3,636.0,738.0,94.0,30.0,5.0,4.0,4.0,44.0,33.0,13.0,10.0,0.0
Marcos Conrado Junior,,41.0,,,1.6,9.69,1.84,0.0,36.0,0.0,489.0,13.0,0.0,0.0,0.0,0.0,0.0,34.0,14.0,0.0,0.0,0.0,
Michael Cora,,33.0,71.0,77.0,0.8,0.13,0.0,0.0,67.0,25.0,0.0,900.0,2.0,1.0,9.0,4.0,0.0,0.0,29.0,4.0,2.0,0.0,
Cory Corbin,,36.0,,,,,,,,,,,,,,,,,,,,,
Jonathan Correa,,,,,,,,,,,,,,,,,,,,,,,
Waldo Cortes Acosta,Striker,32.0,76.0,70.0,5.64,3.6,0.55,0.18,53.0,60.0,0.37,700.0,390.0,24.0,47.0,5.0,5.0,1.0,48.0,60.0,12.0,1.0,0.0
Reyes Cortez,,31.0,67.0,68.0,4.1,7.43,1.5,0.0,53.0,100.0,0.0,900.0,105.0,18.0,0.0,0.0,0.0,0.0,45.0,11.0,0.0,2.0,0.0
Alessandro Costa,Jiu-Jitsu,28.0,64.0,67.0,4.14,3.5,0.27,0.0,58.0,91.0,0.82,658.0,173.0,23.0,31.0,4.0,2.0,6.0,48.0,13.0,14.0,4.0,0.0
Davi Costa,,,,,,,,,,,,,,,,,,,,,,,
Paulo Costa,Striker,33.0,73.0,72.0,6.22,6.56,0.36,0.0,49.0,80.0,0.48,752.0,695.0,40.0,45.0,11.0,1.0,1.0,58.0,75.0,14.0,4.0,0.0
Oscar Cota,,38.0,72.0,72.0,0.33,2.47,0.0,1.0,41.0,60.0,0.0,900.0,2.0,0.0,3.0,0.0,0.0,0.0,42.0,10.0,2.0,0.0,
Colby Covington,,36.0,71.0,72.0,3.88,2.98,3.79,0.16,55.0,68.0,0.05,1025.0,843.0,107.0,112.0,4.0,9.0,4.0,39.0,44.0,17.0,4.0,0.0
Paul Craig,Kung-Fu,36.0,75.5,76.0,2.45,2.97,1.68,1.57,44.0,38.0,0.1,478.0,217.0,54.0,80.0,4.0,0.0,13.0,46.0,21.0,17.0,8.0,1.0
Kiefer Crosbie,MMA,34.0,71.0,70.0,8.23,5.1,1.51,0.76,53.0,100.0,0.0,595.0,146.0,17.0,0.0,5.0,3.0,2.0,56.0,67.0,10.0,5.0,0.0
Jimmy Crute,MMA,27.0,74.0,74.0,3.68,3.04,4.84,2.04,45.0,60.0,0.76,353.0,145.0,31.0,41.0,5.0,3.0,4.0,54.0,58.0,12.0,4.0,1.0
Dominick Cruz,Wrestler,39.0,68.0,68.0,3.91,2.61,2.82,0.05,71.0,84.0,0.05,1011.0,1014.0,88.0,83.0,7.0,16.0,1.0,33.0,43.0,24.0,4.0,0.0
Emilio Cuellar,,,,,0.0,0.0,0.0,0.0,0.0,0.0,0.0,0.0,0.0,0.0,,,,,,,,,
Josh Culibao,Freestyle,30.0,70.0,73.0,3.2,3.24,0.0,0.33,57.0,68.0,0.5,772.0,260.0,19.0,9.0,5.0,5.0,1.0,43.0,0.0,11.0,3.0,1.0
AJ Cunningham,,29.0,70.0,71.0,7.66,11.9,0.0,0.0,49.0,33.0,0.0,411.0,102.0,3.0,0.0,4.0,3.0,4.0,29.0,0.0,11.0,4.0,0.0
Chris Curtis,MMA,37.0,70.0,75.5,5.76,6.16,0.0,0.0,53.0,83.0,0.48,744.0,644.0,53.0,17.0,17.0,11.0,1.0,51.0,31.0,11.0,0.0,
Ion Cutelaba,Sambo,30.0,73.0,75.0,4.44,3.43,4.17,0.0,47.0,76.0,0.25,459.0,297.0,117.0,130.0,12.0,3.0,2.0,44.0,58.0,17.0,10.0,1.0
Diego Henrique da Silva,,36.0,74.0,,2.53,3.27,0.0,0.0,30.0,64.0,0.0,900.0,27.0,8.0,3.0,0.0,0.0,0.0,58.0,0.0,0.0,0.0,
Henrique da Silva,,33.0,75.0,76.5,3.89,5.28,0.25,0.25,40.0,22.0,0.0,523.0,113.0,83.0,41.0,11.0,0.0,1.0,60.0,14.0,12.0,4.0,0.0
Henrique Da Silva Lopes,,38.0,,,0.0,0.0,0.0,0.0,0.0,0.0,0.0,0.0,0.0,0.0,,,,,,,,,
Leonardo Damiani,,32.0,70.0,69.0,1.67,4.17,0.0,0.0,38.0,50.0,0.0,144.0,4.0,0.0,0.0,0.0,0.0,0.0,24.0,0.0,1.0,0.0,
Peter Danesoe,,22.0,,,4.56,3.19,0.0,0.0,36.0,71.0,3.42,163.0,14.0,6.0,0.0,0.0,0.0,0.0,53.0,1.0,1.0,0.0,
Jarjis Danho,Boxer,39.0,74.0,74.5,3.38,5.25,0.51,0.0,49.0,100.0,0.51,591.0,60.0,33.0,7.0,7.0,0.0,0.0,51.0,17.0,7.0,1.0,1.0
Jose Daniel Medina,,33.0,,,1.6,4.87,0.0,0.0,53.0,14.0,0.0,900.0,16.0,4.0,4.0,0.0,0.0,0.0,26.0,0.0,0.0,1.0,0.0
Beneil Dariush,MMA,35.0,70.0,72.0,3.78,2.65,1.9,0.88,58.0,81.0,0.51,534.0,509.0,123.0,142.0,5.0,9.0,8.0,49.0,34.0,22.0,6.0,1.0
Chris Daukaus,Freestyle,33.0,75.0,76.0,6.05,4.64,0.0,0.0,55.0,100.0,3.54,191.0,110.0,13.0,31.0,11.0,1.0,0.0,50.0,0.0,12.0,7.0,0.0
Mike Davis,MMA,31.0,72.0,72.5,0.0,0.0,0.0,0.0,7.0,2.0,2.0,11.0,2.0,0.0,,,,,,,,,
Hakeem Dawodu,Muay Thai,32.0,68.0,73.5,5.45,3.37,0.0,0.0,57.0,65.0,0.11,809.0,615.0,114.0,5.0,7.0,5.0,0.0,51.0,0.0,13.0,4.0,1.0
Grant Dawson,,30.0,70.0,72.0,2.98,2.11,3.61,1.31,46.0,57.0,0.11,686.0,212.0,39.0,158.0,4.0,4.0,13.0,53.0,38.0,21.0,2.0,1.0
Rafael de Freitas,,39.0,66.0,,0.0,0.0,0.0,,,,,,,,,,,,,,,,
Marcos Rogerio de Lima,Striker,39.0,73.0,75.0,3.7,2.9,1.4,0.51,52.0,59.0,0.89,372.0,310.0,37.0,89.0,15.0,3.0,3.0,58.0,46.0,22.0,10.0,1.0
Leonardo De Oliveira,,31.0,,,1.07,0.54,24.11,0.0,50.0,0.0,112.0,1.0,1.0,0.0,0.0,0.0,0.0,40.0,50.0,0.0,0.0,0.0,
Carl Deaton,,33.0,67.0,69.0,1.53,1.85,0.0,0.0,61.0,50.0,0.0,748.0,37.0,1.0,0.0,3.0,5.0,9.0,32.0,0.0,17.0,7.0,0.0
Jack Della Maddalena,MMA,27.0,71.0,73.0,0.0,0.0,0.0,0.0,12.0,3.0,2.0,17.0,2.0,0.0,,,,,,,,,
Marc Diakiese,Freestyle,30.0,70.0,73.0,2.54,2.64,3.29,0.0,53.0,67.0,0.16,728.0,385.0,46.0,32.0,6.0,9.0,1.0,40.0,44.0,17.0,7.0,0.0
Blood Diamond,Kickboxer,34.0,71.0,76.0,3.12,2.17,0.0,0.0,49.0,74.0,0.0,693.0,53.0,55.0,0.0,1.0,1.0,1.0,55.0,0.0,3.0,3.0,0.0
Victor Dias,,32.0,66.0,69.0,2.87,5.8,5.0,0.0,55.0,0.0,900.0,33.0,0.0,10.0,5.0,2.0,2.0,45.0,42.0,8.0,0.0,0.0,
Ozzy Diaz,,32.0,76.0,79.0,1.65,3.91,0.0,0.0,45.0,0.0,399.0,11.0,0.0,0.0,0.0,0.0,0.0,32.0,0.0,0.0,1.0,0.0,
Nick Diaz,Brazilian Jiu-Jitsu,40.0,73.0,76.0,5.71,3.84,1.28,1.0,60.0,60.0,0.41,679.0,1424.0,353.0,99.0,13.0,5.0,8.0,42.0,33.0,26.0,11.0,0.0
Jhonata Diniz,Kickboxer,33.0,76.0,79.5,4.09,2.75,0.0,0.0,56.0,70.0,1.77,509.0,98.0,6.0,0.0,7.0,0.0,0.0,53.0,8.0,0.0,0.0,
Rico DiSciullo,,36.0,68.0,71.0,1.71,4.41,0.0,0.0,56.0,0.0,735.0,20.0,1.0,0.0,0.0,0.0,0.0,33.0,0.0,9.0,3.0,0.0,
Matt Dixon,,27.0,,,1.97,4.56,3.06,0.0,38.0,0.0,882.0,25.0,4.0,0.0,0.0,0.0,0.0,44.0,30.0,9.0,1.0,0.0,
Drew Dober,Freestyle,35.0,68.0,70.0,4.39,4.25,0.67,0.07,52.0,56.0,0.67,485.0,689.0,105.0,92.0,15.0,7.0,5.0,40.0,17.0,27.0,14.0,0.0
AJ Dobson,Freestyle,31.0,73.0,76.0,4.29,5.31,1.67,0.28,46.0,65.0,0.28,647.0,180.0,27.0,24.0,3.0,2.0,2.0,46.0,75.0,7.0,3.0,0.0
Roman Dolidze,MMA,36.0,74.0,76.0,3.13,3.37,1.26,1.14,51.0,33.0,0.51,712.0,283.0,28.0,61.0,7.0,2.0,3.0,42.0,40.0,13.0,3.0,0.0
Rafael Dos Anjos,Grappler,39.0,68.0,70.0,3.48,3.21,1.95,0.57,60.0,55.0,0.2,895.0,1220.0,321.0,277.0,5.0,16.0,11.0,47.0,36.0,32.0,16.0,0.0
Elizeu Zaleski dos Santos,MMA,37.0,71.0,73.0,4.3,3.42,0.71,0.47,57.0,69.0,0.16,762.0,596.0,164.0,60.0,14.0,7.0,3.0,42.0,21.0,24.0,8.0,1.0
Felipe dos Santos,Muay Thai,23.0,67.0,70.0,4.53,5.07,0.0,0.5,41.0,17.0,0.0,900.0,125.0,9.0,2.0,2.0,2.0,3.0,35.0,0.0,8.0,1.0,0.0
Kyle Driscoll,,28.0,,,2.73,2.6,2.0,0.0,59.0,0.0,900.0,39.0,2.0,0.0,0.0,0.0,0.0,33.0,18.0,12.0,3.0,0.0,
Dricus Du Plessis,MMA,30.0,73.0,76.0,6.49,4.77,3.0,0.75,55.0,40.0,0.75,687.0,398.0,53.0,69.0,9.0,2.0,10.0,50.0,52.0,21.0,2.0,0.0
Isaac Dulgarian,,27.0,67.0,71.0,2.88,2.53,6.06,1.52,40.0,0.0,594.0,17.0,1.0,39.0,4.0,0.0,2.0,59.0,47.0,6.0,1.0,0.0,
Chris Duncan,MMA,30.0,70.0,71.5,4.88,3.65,3.85,0.0,49.0,33.0,0.39,467.0,169.0,8.0,13.0,7.0,3.0,1.0,47.0,38.0,11.0,2.0,0.0
Christian Leroy Duncan,MMA,29.0,74.0,79.0,4.71,3.57,0.31,0.0,49.0,64.0,0.31,579.0,166.0,35.0,26.0,8.0,1.0,1.0,63.0,14.0,10.0,2.0,0.0
Albert Duraev,MMA,34.0,71.0,75.0,2.99,3.01,1.97,0.56,60.0,67.0,0.0,639.0,115.0,1.0,43.0,3.0,3.0,9.0,40.0,29.0,16.0,5.0,0.0
Cody Durden,Striker,33.0,67.0,67.0,3.19,3.09,4.6,0.77,50.0,71.0,0.15,587.0,246.0,16.0,50.0,6.0,5.0,5.0,51.0,51.0,16.0,6.0,1.0
Merab Dvalishvili,Freestyle,33.0,66.0,68.0,4.5,2.37,6.43,0.33,57.0,81.0,0.08,922.0,500.0,119.0,210.0,3.0,12.0,1.0,42.0,37.0,17.0,4.0,0.0
David Dvorak,MMA,31.0,65.0,68.5,3.48,3.29,0.58,0.19,60.0,70.0,0.0,773.0,231.0,30.0,8.0,8.0,4.0,8.0,43.0,30.0,20.0,6.0,0.0
Roybert Echeverria,,27.0,,,2.95,2.52,0.0,2.6,57.0,71.0,0.0,691.0,19.0,3.0,12.0,0.0,0.0,0.0,53.0,0.0,0.0,1.0,0.0
Leon Edwards,MMA,32.0,72.0,74.0,2.68,2.37,1.25,0.38,54.0,66.0,0.24,1042.0,640.0,106.0,92.0,7.0,12.0,3.0,54.0,37.0,22.0,4.0,0.0
Evan Elder,MMA,27.0,70.0,72.0,5.02,4.79,0.63,0.63,58.0,33.0,0.63,711.0,211.0,14.0,13.0,4.0,3.0,2.0,49.0,20.0,9.0,2.0,0.0
Joao Elias,,28.0,,,0.4,6.47,0.0,0.0,20.0,50.0,0.0,445.0,3.0,0.0,0.0,0.0,0.0,0.0,50.0,0.0,1.0,0.0,
Darren Elkins,Freestyle,39.0,70.0,71.0,3.44,3.27,2.85,1.13,52.0,56.0,0.09,710.0,645.0,239.0,254.0,9.0,13.0,5.0,38.0,35.0,28.0,11.0,0.0
Oban Elliott,MMA,26.0,72.0,72.0,3.82,2.24,2.67,0.0,62.0,73.0,0.0,900.0,110.0,8.0,54.0,2.0,6.0,3.0,47.0,50.0,11.0,2.0,0.0
Tim Elliott,Freestyle,37.0,67.0,66.0,3.39,2.66,3.73,1.04,57.0,59.0,0.12,735.0,514.0,152.0,165.0,3.0,11.0,7.0,45.0,47.0,21.0,13.0,1.0
Brian Ellis,,35.0,,,,,,,,,,,,,,,,,,,,,
Freddy Emiliano Linares,,26.0,,,1.17,3.59,0.0,0.0,27.0,33.0,0.0,870.0,9.0,7.0,1.0,0.0,0.0,0.0,29.0,0.0,0.0,1.0,0.0
Jamall Emmers,Kickboxer,34.0,70.0,74.0,5.3,4.05,1.83,0.2,57.0,91.0,0.41,552.0,318.0,47.0,25.0,8.0,9.0,3.0,48.0,41.0,20.0,8.0,0.0
Josh Emmett,Freestyle,39.0,66.5,70.0,4.04,4.61,0.91,0.08,61.0,47.0,0.99,776.0,611.0,42.0,78.0,7.0,10.0,2.0,36.0,38.0,19.0,4.0,0.0
Kolton Englund,,29.0,,,2.31,11.54,0.0,0.0,40.0,0.0,130.0,5.0,0.0,0.0,0.0,0.0,0.0,25.0,0.0,0.0,1.0,0.0,
Steve Erceg,MMA,29.0,68.0,68.0,4.52,4.2,1.24,0.5,52.0,61.0,0.25,907.0,226.0,40.0,7.0,1.0,4.0,6.0,50.0,26.0,12.0,2.0,0.0
Julian Erosa,Striker,34.0,73.0,74.5,6.18,6.31,1.69,0.84,48.0,59.0,0.24,466.0,617.0,118.0,34.0,11.0,5.0,14.0,48.0,48.0,30.0,12.0,0.0
Jarno Errens,MMA,29.0,71.0,73.0,3.29,3.29,0.0,0.31,62.0,33.0,0.61,733.0,154.0,7.0,0.0,3.0,6.0,5.0,44.0,0.0,14.0,6.0,1.0
Rafael Estevam,MMA,27.0,68.0,69.0,2.94,3.35,3.35,0.67,35.0,0.0,673.0,12.0,3.0,51.0,4.0,5.0,3.0,64.0,19.0,12.0,0.0,0.0,
Movsar Evloev,Freestyle,30.0,67.0,72.5,4.43,2.89,4.75,0.25,61.0,71.0,0.0,900.0,384.0,49.0,98.0,3.0,11.0,4.0,48.0,46.0,18.0,0.0,0.0
Urijah Faber,MMA,44.0,66.0,67.0,2.65,2.59,1.54,0.85,64.0,58.0,0.36,740.0,590.0,139.0,253.0,10.0,8.0,17.0,41.0,30.0,35.0,11.0,0.0
Rinat Fakhretdinov,,32.0,72.0,74.0,4.17,2.71,4.43,0.25,52.0,100.0,0.74,731.0,143.0,46.0,65.0,11.0,5.0,6.0,55.0,46.0,22.0,1.0,1.0
Pedro Falcao,MMA,31.0,66.0,66.0,2.9,2.63,2.07,0.0,48.0,83.0,0.0,868.0,55.0,10.0,19.0,6.0,5.0,5.0,48.0,22.0,16.0,4.0,0.0
Jair Farias,,,,,,,,,,,,,,,,,,,,,,,
Rico Farrington,,34.0,,,6.33,7.2,0.0,0.0,52.0,20.0,0.0,900.0,95.0,0.0,0.0,0.0,0.0,0.0,42.0,0.0,0.0,0.0,
Tony Ferguson,Freestyle,40.0,71.0,76.5,4.91,4.37,0.39,0.88,55.0,66.0,0.17,679.0,1210.0,31.0,91.0,13.0,5.0,8.0,46.0,35.0,26.0,11.0,0.0
Kauê Fernandes,Freestyle,29.0,69.0,73.0,3.0,42.0,0.0,0.0,33.0,0.0,20.0,1.0,0.0,0.0,5.0,2.0,2.0,100.0,9.0,2.0,0.0,,
Lucas Fernando,,26.0,75.0,80.0,1.87,4.73,3.0,1.0,39.0,0.0,900.0,26.0,2.0,0.0,0.0,0.0,0.0,52.0,30.0,0.0,1.0,0.0,
Erisson Ferreira,,32.0,66.0,70.0,1.75,2.75,1.11,1.67,56.0,67.0,0.0,808.0,31.0,8.0,8.0,0.0,0.0,0.0,32.0,100.0,1.0,1.0,0.0
Andre Fialho,Boxer,29.0,72.0,74.0,3.3,6.26,0.25,0.0,46.0,67.0,0.49,524.0,165.0,32.0,5.0,13.0,2.0,1.0,42.0,100.0,16.0,8.0,0.0
Michal Figlak,MMA,27.0,70.0,70.0,4.0,4.93,0.5,0.0,53.0,57.0,0.0,900.0,113.0,4.0,3.0,4.0,4.0,0.0,39.0,13.0,8.0,2.0,0.0
Deiveson Figueiredo,Boxing,36.0,65.0,68.0,3.01,3.39,1.68,1.6,51.0,59.0,0.87,727.0,453.0,45.0,121.0,9.0,6.0,9.0,55.0,36.0,24.0,3.0,1.0
Jafel Filho,Grappler,31.0,67.0,68.5,2.36,2.0,1.77,2.65,47.0,56.0,0.44,509.0,52.0,1.0,27.0,5.0,1.0,10.0,41.0,33.0,16.0,3.0,0.0
Andre Fili,MMA,34.0,71.0,74.0,3.88,4.11,2.15,0.25,51.0,70.0,0.37,637.0,812.0,58.0,78.0,10.0,10.0,3.0,38.0,44.0,24.0,11.0,0.0
Rafael Fiziev,Muay Thai,31.0,68.0,71.5,4.9,4.97,0.29,0.0,49.0,89.0,0.29,701.0,461.0,50.0,4.0,8.0,3.0,1.0,52.0,40.0,12.0,3.0,0.0
AJ Fletcher,Striker,26.0,70.0,67.0,3.36,4.61,1.54,0.93,47.0,33.0,0.31,583.0,138.0,12.0,13.0,4.0,1.0,4.0,50.0,36.0,10.0,3.0,0.0
Ty Flores,,29.0,,,2.0,7.8,1.0,0.0,25.0,0.0,900.0,19.0,11.0,0.0,0.0,0.0,0.0,38.0,9.0,0.0,1.0,0.0,
Darrius Flowers,,29.0,69.0,71.0,3.07,5.49,0.98,0.0,44.0,64.0,0.0,459.0,81.0,9.0,4.0,9.0,3.0,0.0,50.0,29.0,12.0,8.0,1.0
Rob Font,Striker,37.0,68.0,71.5,5.53,3.65,0.89,0.34,56.0,46.0,0.48,770.0,1066.0,78.0,62.0,9.0,7.0,4.0,46.0,35.0,20.0,8.0,0.0
Kai Kara-France,Kickboxer,31.0,64.0,69.0,4.57,3.24,0.63,0.0,65.0,88.0,0.63,783.0,562.0,15.0,79.0,11.0,10.0,3.0,40.0,33.0,24.0,11.0,0.0
Josh Fremd,Freestyle,30.0,76.0,76.0,2.52,2.23,0.66,1.09,47.0,30.0,0.0,686.0,135.0,28.0,10.0,4.0,3.0,4.0,44.0,25.0,11.0,6.0,0.0
Matt Frevola,Brawler,33.0,69.0,71.0,3.71,3.57,2.59,0.93,60.0,43.0,1.3,442.0,198.0,31.0,72.0,4.0,4.0,3.0,42.0,40.0,11.0,4.0,1.0
Justin Gaethje,MMA,35.0,71.0,70.0,6.78,7.46,0.11,0.0,52.0,75.0,0.63,656.0,849.0,101.0,14.0,20.0,4.0,1.0,59.0,25.0,26.0,5.0,0.0
Mickey Gall,Brazilian Jiu-Jitsu,32.0,74.0,74.0,3.33,4.55,1.18,1.62,50.0,38.0,0.3,508.0,255.0,39.0,44.0,0.0,1.0,6.0,48.0,32.0,7.0,6.0,0.0
Mateusz Gamrot,Wrestling,33.0,70.0,70.5,3.09,3.07,5.28,0.14,60.0,91.0,0.14,720.0,272.0,27.0,34.0,8.0,11.0,5.0,51.0,36.0,24.0,2.0,0.0
Ciryl Gane,Muay Thai,34.0,76.0,81.0,5.49,2.19,0.58,0.48,63.0,50.0,0.29,850.0,767.0,65.0,24.0,6.0,3.0,3.0,61.0,21.0,12.0,2.0,0.0
Junye Gao,,31.0,,,0.0,0.0,0.0,0.0,0.0,0.0,0.0,0.0,0.0,0.0,,,,,,,,,
Cody Garbrandt,Freestyle,32.0,68.0,65.5,2.98,3.76,1.03,0.0,60.0,80.0,1.13,582.0,385.0,23.0,26.0,11.0,3.0,0.0,41.0,34.0,14.0,6.0,0.0
Fernie Garcia,Boxing,31.0,67.0,67.0,2.04,3.79,0.28,0.55,49.0,50.0,0.28,652.0,101.0,1.0,9.0,3.0,6.0,1.0,34.0,50.0,10.0,5.0,0.0
Harrison Garcia,,,,,,,,,,,,,,,,,,,,,,,
Rafa Garcia,Boxer,28.0,67.0,70.0,4.19,4.21,3.61,0.3,62.0,79.0,0.0,856.0,352.0,44.0,22.0,1.0,6.0,9.0,43.0,44.0,16.0,3.0,0.0
Steve Garcia,Freestyle,32.0,72.0,75.0,5.0,2.51,1.27,0.63,46.0,89.0,2.85,316.0,122.0,39.0,76.0,13.0,3.0,0.0,56.0,40.0,16.0,5.0,0.0
Shamil Gaziev,MMA,34.0,76.0,78.5,2.43,3.72,1.03,0.34,45.0,100.0,0.34,654.0,65.0,24.0,17.0,8.0,1.0,3.0,49.0,30.0,13.0,1.0,0.0
Yanis Ghemmouri,MMA,29.0,69.0,69.0,2.29,5.14,0.0,0.0,36.0,0.0,380.0,25.0,4.0,0.0,3.0,5.0,4.0,39.0,0.0,12.0,3.0,0.0,
Christos Giagos,Boxer,34.0,70.0,71.5,3.03,3.21,2.84,0.39,51.0,52.0,0.13,499.0,261.0,41.0,51.0,8.0,8.0,4.0,42.0,37.0,20.0,12.0,0.0
Cody Gibson,MMA,36.0,70.0,71.0,3.96,3.89,1.61,0.4,58.0,68.0,0.4,639.0,222.0,67.0,6.0,7.0,8.0,5.0,44.0,31.0,21.0,10.0,0.0
Trevin Giles,Freestyle,31.0,72.0,74.0,3.27,2.22,1.19,0.32,59.0,71.0,0.32,640.0,335.0,32.0,86.0,6.0,4.0,5.0,55.0,50.0,16.0,6.0,0.0
Gregor Gillespie,,36.0,67.0,71.0,3.74,2.3,6.86,0.76,58.0,100.0,0.51,443.0,68.0,19.0,134.0,8.0,2.0,5.0,53.0,48.0,14.0,1.0,0.0
Alex Gilpin,,31.0,,,6.8,12.29,2.17,2.17,43.0,0.0,415.0,45.0,1.0,1.0,0.0,0.0,0.0,54.0,25.0,10.0,1.0,0.0,
Eperaim Ginting,,27.0,,,0.0,0.0,0.0,0.0,0.0,0.0,0.0,0.0,1.0,0.0,,,,,,,,,
Ricky Glenn,Freestyle,35.0,72.0,70.5,3.94,4.1,0.55,0.41,52.0,68.0,0.41,659.0,240.0,69.0,124.0,13.0,6.0,3.0,43.0,13.0,22.0,8.0,2.0
Billy Ray Goff,MMA,25.0,70.0,72.5,8.56,5.71,2.01,0.0,59.0,100.0,1.34,449.0,177.0,12.0,3.0,7.0,2.0,0.0,46.0,18.0,9.0,3.0,0.0
Amiran Gogoladze,,25.0,,,1.64,0.82,0.0,0.0,0.0,73.0,2.0,0.0,0.0,0.0,0.0,0.0,67.0,0.0,0.0,1.0,0.0,,
Luis Gomez,,28.0,0.0,68.0,1.57,4.03,4.48,0.0,55.0,33.0,0.0,803.0,20.0,1.0,0.0,2.0,1.0,1.0,34.0,50.0,4.0,1.0,0.0
William Gomis,,26.0,72.0,73.0,2.62,1.49,1.06,0.71,76.0,82.0,0.0,847.0,101.0,7.0,3.0,6.0,5.0,1.0,47.0,60.0,13.0,2.0,0.0
Justin Gonzales,Wrestler,32.0,69.0,,6.67,0.87,14.0,0.0,43.0,100.0,0.0,900.0,5.0,48.0,47.0,0.0,0.0,0.0,80.0,74.0,9.0,0.0,0.0
Lyman Good,,38.0,72.0,74.0,5.34,4.01,0.27,0.0,63.0,75.0,0.82,548.0,221.0,58.0,14.0,11.0,7.0,3.0,49.0,100.0,21.0,6.0,0.0
Jared Gordon,Freestyle,35.0,69.0,68.0,5.75,3.97,1.78,0.0,57.0,63.0,0.09,676.0,660.0,127.0,184.0,7.0,11.0,2.0,56.0,32.0,20.0,7.0,0.0
Tresean Gore,Boxing,28.0,72.0,75.0,3.04,6.13,3.04,1.22,47.0,82.0,0.0,493.0,59.0,12.0,4.0,2.0,1.0,2.0,54.0,71.0,5.0,2.0,0.0
Kron Gracie,Jiu-Jitsu,34.0,69.0,70.0,3.74,6.82,0.47,0.47,53.0,0.0,642.0,108.0,11.0,1.0,0.0,0.0,5.0,45.0,25.0,5.0,2.0,0.0,
Bogdan Grad,,27.0,68.0,70.0,1.45,9.4,0.0,0.0,46.0,0.0,83.0,2.0,0.0,0.0,0.0,0.0,0.0,50.0,0.0,1.0,0.0,,
Davey Grant,MMA,37.0,68.0,69.0,4.77,3.82,1.26,0.21,56.0,61.0,0.42,712.0,582.0,48.0,49.0,4.0,2.0,9.0,43.0,41.0,15.0,7.0,0.0
James Gray,,35.0,69.0,,2.61,18.26,0.0,0.0,44.0,0.0,46.0,2.0,0.0,0.0,0.0,0.0,4.0,50.0,0.0,4.0,2.0,0.0,
King Green,MMA,37.0,70.0,71.0,6.43,3.73,1.23,0.29,62.0,74.0,0.29,668.0,1596.0,209.0,162.0,11.0,12.0,9.0,53.0,40.0,32.0,16.0,1.0
Logan Greenhalgh,,,,,,,,,,,,,,,,,,,,,,,
Max Griffin,Kickboxer,38.0,71.0,76.0,3.92,3.81,1.45,0.29,58.0,69.0,0.58,778.0,681.0,80.0,52.0,9.0,8.0,2.0,49.0,42.0,20.0,10.0,0.0
Charalampos Grigoriou,Striker,32.0,67.0,67.5,2.62,3.97,2.62,0.0,47.0,91.0,1.31,458.0,33.0,1.0,26.0,6.0,2.0,0.0,49.0,80.0,8.0,5.0,0.0
Garrett Grimes,,29.0,,,,,,,,,,,,,,,,,,,,,
Garrett Gross,,34.0,69.0,69.0,2.39,1.67,0.0,0.0,46.0,52.0,0.4,744.0,42.0,10.0,37.0,0.0,0.0,0.0,46.0,0.0,11.0,8.0,0.0
Chris Gruetzemacher,Jiu-Jitsu,37.0,68.0,68.0,6.18,4.96,0.21,0.0,53.0,66.0,0.0,585.0,309.0,113.0,29.0,7.0,5.0,3.0,57.0,50.0,15.0,5.0,0.0
Clay Guida,Freestyle,41.0,67.0,70.0,2.64,3.01,3.13,0.62,61.0,68.0,0.19,746.0,787.0,168.0,325.0,7.0,17.0,14.0,34.0,36.0,38.0,21.0,0.0
Bogdan Guskov,MMA,31.0,75.0,76.0,0.0,0.0,0.0,0.0,12.0,0.0,2.0,16.0,3.0,0.0,,,,,,,,,
Alexander Gustafsson,Striker,36.0,77.0,79.0,4.03,3.53,1.53,0.4,51.0,84.0,0.72,622.0,575.0,59.0,117.0,11.0,4.0,3.0,41.0,40.0,18.0,8.0,0.0
Mando Gutierrez,,25.0,,,0.8,1.33,1.0,1.0,50.0,40.0,0.0,900.0,11.0,0.0,1.0,0.0,0.0,0.0,75.0,100.0,0.0,1.0,0.0
Chris Gutierrez,Freestyle,33.0,69.0,67.0,4.72,2.64,0.26,0.09,64.0,72.0,0.43,800.0,778.0,17.0,23.0,9.0,9.0,1.0,59.0,30.0,21.0,5.0,2.0
Jake Hadley,MMA,27.0,67.0,70.0,3.76,3.72,0.2,1.37,61.0,55.0,0.2,659.0,246.0,11.0,32.0,2.0,2.0,5.0,45.0,6.0,11.0,3.0,0.0
Damir Hadzovic,,36.0,69.0,70.0,3.36,3.26,0.78,0.16,63.0,35.0,0.31,644.0,254.0,35.0,36.0,7.0,4.0,3.0,48.0,56.0,14.0,7.0,0.0
Yazan Hajeh,,30.0,68.0,73.0,1.54,17.44,0.0,0.0,44.0,100.0,0.0,117.0,3.0,0.0,0.0,0.0,0.0,0.0,25.0,0.0,6.0,0.0,0.0
Ryan Hall,,38.0,70.0,70.5,2.38,1.33,0.22,2.22,66.0,0.44,676.0,108.0,3.0,50.0,2.0,18.0,3.0,50.0,9.0,9.0,2.0,0.0,
Rami Hamed,,,,,0.0,0.0,0.0,0.0,12.0,0.0,2.0,0.0,0.0,0.0,,,,,,,,,
Chad Hanekom,,33.0,,,0.73,1.47,0.0,1.0,33.0,71.0,0.0,900.0,8.0,3.0,0.0,0.0,0.0,0.0,48.0,0.0,0.0,1.0,0.0
Shin Haraguchi,,24.0,,,2.28,1.78,11.21,0.0,48.0,0.0,743.0,29.0,22.0,62.0,0.0,0.0,0.0,64.0,54.0,3.0,1.0,0.0,
George Hardwick,,26.0,,,3.6,4.6,0.0,0.0,71.0,83.0,0.0,900.0,52.0,2.0,0.0,0.0,0.0,0.0,39.0,0.0,1.0,0.0,
Josiah Harrell,Grappler,24.0,67.0,68.0,0.0,0.0,0.0,0.0,4.0,3.0,2.0,7.0,3.0,0.0,,,,,,,,,
Walt Harris,Freestyle,40.0,77.0,77.0,3.05,3.33,0.29,0.14,55.0,70.0,1.3,390.0,209.0,29.0,79.0,13.0,0.0,0.0,39.0,29.0,13.0,10.0,0.0
Phil Hawes,,35.0,72.0,77.5,5.33,3.72,2.11,0.23,56.0,91.0,0.7,384.0,253.0,45.0,43.0,8.0,2.0,2.0,59.0,35.0,12.0,6.0,0.0
Ian Heinisch,Wrestling,34.0,71.0,72.0,3.25,2.98,1.02,0.68,59.0,60.0,0.34,660.0,193.0,33.0,60.0,5.0,7.0,2.0,50.0,17.0,14.0,5.0,0.0
Danny Henry,MMA,34.0,72.0,73.0,5.2,4.16,0.74,2.23,46.0,50.0,1.49,303.0,61.0,6.0,38.0,5.0,2.0,5.0,52.0,33.0,12.0,4.0,0.0
Victor Henry,,36.0,67.0,68.0,8.34,5.62,0.0,0.48,48.0,84.0,0.48,754.0,428.0,72.0,24.0,6.0,9.0,8.0,54.0,0.0,24.0,6.0,0.0
Jai Herbert,MMA,36.0,73.0,77.0,3.16,3.37,0.5,0.0,52.0,59.0,0.67,675.0,224.0,47.0,13.0,9.0,3.0,1.0,42.0,23.0,13.0,5.0,1.0
Jack Hermansson,MMA,36.0,73.0,77.5,5.09,3.69,1.53,0.38,56.0,81.0,0.0,693.0,765.0,75.0,159.0,11.0,7.0,6.0,45.0,30.0,24.0,8.0,0.0
Alexander Hernandez,MMA,31.0,69.0,72.0,4.33,4.66,1.06,0.12,56.0,59.0,0.47,590.0,464.0,58.0,32.0,6.0,5.0,2.0,41.0,31.0,14.0,8.0,0.0
Carlos Hernandez,Freestyle,30.0,68.0,67.0,4.11,3.8,1.08,0.22,47.0,65.0,0.0,692.0,215.0,54.0,15.0,0.0,5.0,4.0,46.0,18.0,9.0,4.0,0.0
Anthony Hernandez,Striker,30.0,72.0,75.0,4.3,3.46,6.62,2.99,46.0,63.0,0.21,468.0,150.0,53.0,99.0,2.0,2.0,8.0,59.0,49.0,12.0,2.0,0.0
Jamahal Hill,MMA,33.0,76.0,79.0,7.18,3.51,0.0,0.0,46.0,73.0,0.69,518.0,493.0,71.0,56.0,7.0,4.0,0.0,55.0,12.0,2.0,0.0,
Chris Hofmann,,33.0,,,4.78,4.63,3.42,0.0,36.0,1.14,790.0,39.0,16.0,8.0,0.0,0.0,0.0,45.0,43.0,0.0,1.0,0.0,
Frank Holland,,34.0,69.0,70.0,,,,,,,,,,,,,,,,,,,
Kevin Holland,Kung Fu,31.0,75.0,81.0,4.25,3.2,0.84,0.6,51.0,55.0,0.3,649.0,835.0,106.0,116.0,14.0,4.0,8.0,49.0,39.0,26.0,11.0,0.0
Max Holloway,Muay Thai,32.0,71.0,69.0,7.17,4.72,0.25,0.32,59.0,84.0,0.35,975.0,2961.0,245.0,172.0,12.0,11.0,2.0,48.0,53.0,26.0,7.0,0.0
Kurt Holobaugh,Boxing,37.0,71.0,70.0,4.63,4.35,0.76,0.76,48.0,42.0,0.3,662.0,344.0,90.0,26.0,8.0,4.0,10.0,46.0,33.0,22.0,8.0,0.0
SeongChan Hong,,33.0,,,6.57,8.76,0.0,0.0,47.0,0.0,137.0,13.0,2.0,0.0,0.0,0.0,0.0,56.0,0.0,0.0,1.0,0.0,
Lorenzo Hood,,34.0,75.0,80.0,2.64,4.66,0.0,0.0,12.0,100.0,0.0,296.0,9.0,4.0,0.0,0.0,0.0,0.0,62.0,0.0,1.0,0.0,
Dan Hooker,MMA,34.0,72.0,75.0,5.08,4.76,0.79,0.36,51.0,81.0,0.64,599.0,907.0,93.0,66.0,11.0,5.0,7.0,49.0,34.0,23.0,12.0,0.0
Austin Hubbard,Freestyle,32.0,70.0,71.0,4.11,3.74,1.75,0.0,57.0,66.0,0.0,743.0,395.0,30.0,33.0,5.0,9.0,2.0,46.0,50.0,16.0,7.0,0.0
Victor Hugo,Striker,31.0,67.0,71.5,3.46,2.25,0.67,1.35,61.0,88.0,0.67,668.0,64.0,11.0,2.0,7.0,7.0,10.0,51.0,50.0,25.0,4.0,0.0
Al Iaquinta,,36.0,70.0,70.0,4.06,4.53,0.63,0.24,61.0,74.0,0.55,762.0,715.0,31.0,28.0,7.0,6.0,1.0,41.0,19.0,14.0,7.0,1.0
Dan Ige,Jiu-Jitsu,33.0,67.0,71.0,3.7,3.51,0.99,0.26,57.0,59.0,0.46,759.0,652.0,63.0,128.0,6.0,7.0,5.0,46.0,26.0,18.0,8.0,0.0
Nassourdine Imavov,Striker,29.0,75.0,75.0,4.58,3.33,0.98,1.31,60.0,74.0,0.11,918.0,447.0,110.0,74.0,6.0,2.0,4.0,55.0,36.0,14.0,4.0,0.0
Issa Isakov,,,,,,,,,,,,,,,,,,,,,,,
Brian Jackson,,34.0,,,,,,,,,,,,,,,,,,,,,
Jordan Jackson,,23.0,,,,,,,,,,,,,,,,,,,,,
Montel Jackson,MMA,32.0,70.0,75.5,3.39,1.42,3.41,0.27,64.0,69.0,1.77,599.0,186.0,101.0,85.0,8.0,5.0,1.0,54.0,71.0,15.0,2.0,0.0
Damon Jackson,Grappler,36.0,71.0,71.0,2.9,3.47,2.34,1.23,49.0,38.0,0.0,621.0,245.0,93.0,52.0,4.0,4.0,15.0,43.0,34.0,23.0,7.0,1.0
Richard Jacobi,,29.0,,,0.88,3.94,3.28,0.0,51.0,100.0,0.0,274.0,2.0,0.0,2.0,0.0,0.0,0.0,44.0,100.0,0.0,1.0,0.0
Jack Jenkins,Freestyle,30.0,67.0,68.0,4.43,3.07,2.56,0.0,60.0,75.0,0.0,792.0,147.0,36.0,51.0,5.0,4.0,3.0,61.0,69.0,12.0,3.0,0.0
Wuziazibieke Jiahefu,,33.0,,,0.0,0.0,0.0,0.0,0.0,0.0,0.0,0.0,1.0,0.0,,,,,,,,,
Asikeerbai Jinensibieke,,34.0,,,,,,,,,,,,,,,,,,,,,
Li Jingliang,Boxing,36.0,72.0,71.5,4.46,3.84,1.25,0.0,58.0,60.0,0.83,637.0,695.0,40.0,70.0,10.0,5.0,4.0,43.0,42.0,19.0,8.0,0.0
Charles Johnson,,33.0,69.0,70.0,4.83,3.45,0.38,0.5,59.0,67.0,0.25,799.0,487.0,67.0,25.0,7.0,6.0,3.0,52.0,20.0,16.0,6.0,0.0
Michael Johnson,Boxing,37.0,70.0,73.5,4.27,3.83,0.62,0.04,58.0,81.0,0.49,699.0,1285.0,100.0,57.0,9.0,11.0,2.0,40.0,41.0,23.0,19.0,0.0
Jamelle Jones,,35.0,72.0,75.0,1.78,3.11,0.0,0.0,65.0,0.0,135.0,4.0,0.0,0.0,5.0,1.0,1.0,80.0,0.0,7.0,5.0,0.0,
Jon Jones,,35.0,76.0,84.5,4.29,2.22,1.93,0.48,64.0,95.0,0.22,893.0,958.0,248.0,262.0,10.0,10.0,7.0,58.0,45.0,27.0,1.0,0.0
Justin Jones,,35.0,0.0,,1.7,3.17,1.0,0.5,45.0,46.0,0.0,900.0,25.0,22.0,4.0,4.0,0.0,5.0,36.0,15.0,9.0,2.0,0.0
Charles Jourdain,Striker,28.0,69.0,69.0,5.48,4.35,0.35,0.53,57.0,49.0,0.53,725.0,689.0,167.0,71.0,8.0,2.0,5.0,49.0,24.0,15.0,8.0,1.0
Dustin Joynson,,37.0,,,3.28,5.63,0.0,0.0,48.0,0.0,128.0,5.0,2.0,0.0,0.0,0.0,0.0,54.0,0.0,0.0,0.0,,
Anshul Jubli,MMA,28.0,72.0,69.0,6.48,5.61,0.82,0.41,51.0,64.0,0.41,735.0,189.0,17.0,32.0,2.0,4.0,1.0,46.0,18.0,7.0,1.0,0.0
Da Woon Jung,MMA,29.0,76.0,78.5,3.49,3.89,1.9,0.19,52.0,77.0,0.57,594.0,215.0,35.0,26.0,11.0,2.0,2.0,44.0,50.0,15.0,4.0,1.0
Chan Sung Jung,Kickboxer,36.0,67.0,72.0,3.93,4.52,0.7,0.61,52.0,73.0,0.43,740.0,529.0,57.0,92.0,6.0,3.0,8.0,41.0,44.0,17.0,8.0,0.0
Oron Kahlon,,38.0,,,0.85,4.93,0.0,0.0,36.0,40.0,0.0,852.0,11.0,1.0,0.0,0.0,0.0,0.0,38.0,0.0,1.0,0.0,
Lu Kai,,29.0,,,3.76,5.51,2.62,2.62,56.0,100.0,0.0,229.0,33.0,1.0,9.0,0.0,0.0,0.0,44.0,50.0,1.0,2.0,0.0
Sim Kai Xiong,,25.0,,,0.0,0.0,0.0,0.0,0.0,0.0,0.0,0.0,1.0,0.0,,,,,,,,,
Li Kaiwen,,27.0,,,4.32,3.74,0.78,0.0,54.0,92.0,0.78,385.0,53.0,24.0,6.0,0.0,0.0,0.0,50.0,33.0,2.0,1.0,0.0
Shuya Kamikubo,,30.0,,,4.6,2.93,4.0,1.0,54.0,100.0,0.0,900.0,38.0,7.0,24.0,0.0,0.0,0.0,45.0,16.0,1.0,1.0,0.0
Koya Kanda,,27.0,,,3.53,2.47,3.0,0.0,61.0,100.0,0.0,900.0,47.0,5.0,1.0,0.0,0.0,0.0,38.0,23.0,1.0,1.0,0.0
Kyung Ho Kang,Brazilian Jiu-Jitsu,36.0,69.0,73.0,3.13,3.32,1.97,0.77,54.0,68.0,0.34,751.0,413.0,23.0,113.0,2.0,5.0,12.0,48.0,50.0,19.0,11.0,0.0
Manel Kape,MMA,30.0,65.0,68.0,4.44,4.06,0.54,0.36,60.0,73.0,0.9,718.0,332.0,12.0,28.0,11.0,3.0,5.0,54.0,33.0,19.0,7.0,0.0
Calvin Kattar,Freestyle,36.0,71.0,72.0,4.76,6.75,0.39,0.08,54.0,72.0,0.39,885.0,847.0,13.0,53.0,11.0,10.0,2.0,39.0,29.0,23.0,8.0,0.0
Toshiomi Kazama,Brazilian Jiu-Jitsu,27.0,67.0,69.0,1.72,3.89,1.68,0.56,43.0,67.0,0.0,401.0,29.0,11.0,6.0,3.0,2.0,6.0,53.0,13.0,11.0,4.0,0.0
Brian Kelleher,Freestyle,37.0,66.0,66.0,3.31,4.59,1.68,0.67,55.0,60.0,0.34,472.0,345.0,29.0,68.0,8.0,6.0,10.0,41.0,42.0,24.0,16.0,0.0
Song Kenan,Striker,34.0,72.0,71.5,4.36,6.38,0.34,0.0,51.0,61.0,0.84,594.0,332.0,34.0,22.0,9.0,3.0,8.0,46.0,50.0,20.0,8.0,0.0
Casey Kenney,MMA,32.0,67.0,70.0,4.85,4.67,1.09,0.43,58.0,61.0,0.0,828.0,598.0,54.0,18.0,2.0,9.0,5.0,43.0,36.0,16.0,4.0,1.0
Aliaskhab Khizriev,MMA,33.0,69.0,74.0,6.01,4.38,5.64,3.76,62.0,100.0,0.0,160.0,38.0,2.0,8.0,5.0,4.0,5.0,64.0,60.0,14.0,0.0,0.0
Sangwook Kim,,29.0,,,2.23,3.83,0.0,4.79,59.0,67.0,0.0,544.0,7.0,0.0,0.0,0.0,0.0,0.0,47.0,0.0,1.0,1.0,0.0
Sang Won Kim,,29.0,,,3.88,2.84,0.0,0.0,51.0,40.0,2.24,651.0,20.0,1.0,5.0,0.0,0.0,0.0,70.0,1.0,1.0,0.0,
Yusaku Kinoshita,Striker,23.0,72.0,71.5,4.65,5.12,0.0,0.0,52.0,50.0,0.78,383.0,81.0,0.0,8.0,4.0,0.0,2.0,50.0,0.0,6.0,3.0,0.0
Kamuela Kirk,MMA,29.0,70.0,75.0,3.22,5.87,1.5,1.2,40.0,47.0,0.0,751.0,126.0,18.0,17.0,5.0,1.0,6.0,50.0,26.0,12.0,6.0,0.0
Top Noi Kiwram,,30.0,,,4.47,3.23,2.72,0.0,66.0,74.0,0.91,662.0,115.0,25.0,8.0,0.0,0.0,0.0,60.0,86.0,1.0,2.0,0.0
Felix Klinkhammer,,30.0,,,0.0,0.0,0.0,0.0,0.0,0.0,0.0,0.0,0.0,0.0,,,,,,,,,
Drakkar Klose,,36.0,69.0,70.0,4.37,3.46,1.58,0.0,51.0,69.0,0.23,727.0,330.0,200.0,52.0,6.0,8.0,0.0,55.0,26.0,15.0,2.0,1.0
Roman Kopylov,,32.0,72.0,75.0,4.33,4.06,1.2,0.0,58.0,87.0,0.86,654.0,345.0,17.0,15.0,11.0,1.0,0.0,54.0,54.0,13.0,3.0,0.0
Steven Koslow,,26.0,67.5,69.0,0.77,3.73,5.28,1.06,40.0,0.0,853.0,8.0,1.0,2.0,0.0,0.0,6.0,38.0,56.0,6.0,1.0,0.0,
James Krause,,37.0,74.0,73.5,4.79,4.11,0.96,0.87,62.0,60.0,0.26,686.0,745.0,49.0,27.0,8.0,5.0,14.0,50.0,18.0,28.0,9.0,0.0
Kaynan Kruschewsky,Muay Thai,33.0,72.0,73.0,5.67,5.71,2.74,2.06,47.0,75.0,0.0,438.0,87.0,29.0,8.0,4.0,2.0,9.0,51.0,100.0,15.0,3.0,0.0
Nikita Krylov,Karate,32.0,75.0,77.5,4.38,2.47,2.29,1.44,45.0,53.0,0.6,416.0,279.0,145.0,122.0,12.0,2.0,16.0,56.0,38.0,30.0,9.0,0.0
Mariusz Ksiazkiewicz,,33.0,,,0.93,3.4,4.0,2.0,39.0,0.0,900.0,5.0,2.0,7.0,0.0,0.0,0.0,45.0,100.0,0.0,1.0,0.0,
Sumit Kumar,,22.0,,,0.0,0.0,0.0,0.0,0.0,0.0,0.0,0.0,1.0,0.0,,,,,,,,,
Rizvan Kuniev,,30.0,76.0,76.0,7.09,1.55,4.09,0.0,51.0,0.0,660.0,42.0,9.0,27.0,0.0,0.0,0.0,74.0,75.0,1.0,0.0,0.0,
Korey Kuppe,,34.0,,,0.73,1.33,0.0,1.0,31.0,69.0,0.0,900.0,11.0,0.0,0.0,0.0,0.0,0.0,73.0,8.0,4.0,0.0,
Guram Kutateladze,MMA,32.0,71.0,72.0,3.95,3.95,0.77,0.0,57.0,79.0,0.26,874.0,168.0,49.0,13.0,7.0,4.0,1.0,46.0,20.0,13.0,4.0,0.0
Luan Lacerda,Freestyle,30.0,67.0,71.5,4.52,7.07,1.26,0.63,48.0,75.0,0.0,717.0,105.0,3.0,0.0,0.0,2.0,10.0,44.0,25.0,12.0,3.0,0.0
Daniel Lacerda,Striker,27.0,66.0,70.0,3.95,8.28,2.32,1.16,35.0,1.74,259.0,81.0,6.0,15.0,5.0,0.0,6.0,46.0,50.0,11.0,6.0,0.0,
Sean Lally,,32.0,72.0,74.5,5.34,7.23,0.0,0.0,30.0,0.0,697.0,57.0,5.0,0.0,0.0,0.0,0.0,39.0,8.0,4.0,0.0,,
Nate Landwehr,Freestyle,35.0,69.0,72.0,6.25,5.75,1.0,1.0,55.0,86.0,0.2,562.0,342.0,101.0,25.0,9.0,7.0,2.0,47.0,42.0,18.0,5.0,0.0
Austen Lane,,36.0,78.0,80.0,3.43,2.81,1.03,0.0,45.0,0.0,175.0,29.0,0.0,21.0,11.0,0.0,1.0,47.0,20.0,12.0,5.0,0.0,
Joe Lauzon,Boxing,39.0,70.0,71.5,2.84,5.39,2.39,2.04,55.0,55.0,0.21,473.0,326.0,99.0,180.0,9.0,2.0,17.0,40.0,45.0,28.0,16.0,0.0
Ronnie Lawrence,Freestyle,31.0,68.0,68.5,2.78,1.75,6.75,0.25,52.0,45.0,0.75,720.0,81.0,7.0,79.0,4.0,4.0,0.0,56.0,77.0,8.0,2.0,0.0
Quang Le,Freestyle,32.0,66.5,70.0,1.07,3.93,2.0,0.0,24.0,0.0,900.0,15.0,0.0,1.0,2.0,0.0,3.0,23.0,18.0,8.0,1.0,0.0,
Jordan Leavitt,Freestyle,28.0,69.0,71.0,2.55,1.84,2.19,1.09,57.0,30.0,0.27,412.0,114.0,16.0,10.0,2.0,3.0,6.0,61.0,25.0,11.0,3.0,0.0
Kevin Lee,Wrestling,30.0,70.0,77.0,3.88,3.6,3.18,0.76,50.0,75.0,0.07,686.0,500.0,73.0,270.0,3.0,8.0,8.0,42.0,43.0,18.0,8.0,0.0
Jung Hyun Lee,,20.0,,,0.0,0.0,0.0,0.0,0.0,0.0,0.0,0.0,1.0,0.0,,,,,,,,,
JeongYeong Lee,Brazilian Jiu-Jitsu,28.0,70.0,73.5,2.84,2.81,0.93,0.46,51.0,77.0,0.46,389.0,47.0,26.0,19.0,4.0,4.0,3.0,53.0,67.0,11.0,2.0,0.0
Natan Levy,Striker,32.0,69.0,71.0,3.7,3.19,5.03,0.48,59.0,41.0,0.0,752.0,205.0,10.0,17.0,0.0,5.0,3.0,52.0,58.0,8.0,2.0,0.0
Malik Lewis,,27.0,,,4.16,5.66,3.98,0.0,40.0,50.0,0.0,679.0,55.0,35.0,4.0,0.0,0.0,0.0,45.0,40.0,0.0,2.0,0.0
Derrick Lewis,Brawler,39.0,75.0,79.0,2.48,2.48,0.57,0.0,41.0,53.0,0.57,549.0,258.0,122.0,278.0,23.0,4.0,1.0,51.0,26.0,28.0,12.0,0.0
Rodrigo Lidio,,33.0,,,0.97,0.0,0.0,0.0,100.0,50.0,0.0,185.0,2.0,1.0,0.0,0.0,0.0,0.0,50.0,0.0,1.0,0.0,
Austin Lingo,Boxing,29.0,70.0,70.0,3.86,4.86,0.43,0.0,57.0,76.0,0.43,830.0,264.0,3.0,0.0,3.0,4.0,2.0,38.0,67.0,9.0,3.0,0.0
Philipe Lins,Striker,37.0,74.0,78.0,3.8,3.59,1.65,0.0,46.0,100.0,0.24,635.0,202.0,30.0,9.0,9.0,5.0,4.0,49.0,33.0,18.0,5.0,0.0
James Llontop,,24.0,72.0,73.0,4.76,2.1,0.0,0.0,70.0,50.0,1.53,587.0,59.0,17.0,17.0,7.0,6.0,1.0,53.0,14.0,3.0,0.0,
Christian Lohsen,,28.0,,,5.27,6.93,0.0,2.0,44.0,0.0,900.0,72.0,3.0,4.0,0.0,0.0,0.0,49.0,0.0,0.0,0.0,0.0,
Ange Loosa,Kickboxer,31.0,70.0,74.0,5.6,6.68,2.41,0.19,53.0,83.0,0.0,810.0,358.0,47.0,49.0,5.0,4.0,1.0,45.0,38.0,10.0,4.0,0.0
Diego Lopes,Jiu-Jitsu,29.0,71.0,72.5,3.24,4.08,0.33,3.68,40.0,47.0,1.0,448.0,89.0,23.0,33.0,10.0,2.0,12.0,55.0,25.0,25.0,6.0,0.0
Bruno Lopes,,30.0,,,5.29,8.46,0.0,0.0,54.0,0.0,227.0,20.0,0.0,0.0,0.0,0.0,0.0,35.0,0.0,1.0,0.0,,
Aaron Lott,,,,,,,,,,,,,,,,,,,,,,,
Caolán Loughran,Boxer,28.0,66.0,68.0,2.87,5.8,5.0,0.0,55.0,0.0,900.0,33.0,0.0,10.0,5.0,2.0,2.0,45.0,42.0,9.0,2.0,0.0,
Joseph Lowry,,33.0,70.0,72.0,3.97,4.25,0.0,0.0,63.0,0.0,536.0,67.0,4.0,0.0,0.0,0.0,0.0,35.0,0.0,7.0,2.0,0.0,
Vicente Luque,Muay Thai,32.0,71.0,75.5,5.07,5.21,1.0,0.64,53.0,63.0,0.71,602.0,939.0,62.0,66.0,11.0,4.0,8.0,52.0,54.0,22.0,10.0,1.0
Tucker Lutz,Boxing,29.0,68.0,72.0,3.74,3.25,1.99,0.18,44.0,69.0,0.0,828.0,255.0,30.0,25.0,6.0,4.0,2.0,47.0,44.0,12.0,4.0,0.0
Caio Machado,MMA,29.0,76.0,78.0,6.07,2.73,0.0,0.0,64.0,82.0,0.0,900.0,235.0,36.0,2.0,4.0,2.0,2.0,59.0,0.0,8.0,3.0,1.0
Ian Machado Garry,,26.0,75.0,74.5,5.5,3.17,0.77,0.31,53.0,69.0,0.62,730.0,483.0,23.0,29.0,7.0,7.0,1.0,55.0,56.0,15.0,0.0,0.0
Victor Madrigal,,,,,2.31,9.56,0.0,0.0,51.0,0.0,182.0,7.0,0.0,0.0,0.0,0.0,0.0,39.0,0.0,0.0,1.0,0.0,
Neil Magny,,37.0,75.0,80.0,3.47,2.42,2.17,0.26,52.0,54.0,0.07,764.0,818.0,263.0,332.0,8.0,16.0,4.0,46.0,41.0,29.0,12.0,0.0
Raimond Magomedaliev,,,,,4.07,4.75,0.0,0.0,42.0,0.0,885.0,52.0,8.0,0.0,0.0,0.0,0.0,42.0,0.0,0.0,1.0,0.0,
Shara Magomedov,,30.0,74.0,73.0,6.88,3.72,0.0,0.0,42.0,71.0,0.35,849.0,232.0,36.0,24.0,11.0,3.0,0.0,66.0,14.0,0.0,0.0,
Maheshate,Boxing,24.0,72.0,71.5,3.9,5.76,0.0,0.0,54.0,45.0,0.56,646.0,200.0,9.0,1.0,4.0,3.0,0.0,28.0,0.0,10.0,3.0,0.0
John Makdessi,Striker,38.0,68.0,68.0,5.52,4.15,0.0,0.0,68.0,86.0,0.37,728.0,1249.0,64.0,27.0,9.0,9.0,0.0,50.0,0.0,18.0,9.0,0.0
Islam Makhachev,Sambo,32.0,70.0,70.5,2.65,1.54,3.19,1.06,61.0,91.0,0.35,634.0,253.0,86.0,110.0,5.0,9.0,12.0,60.0,54.0,26.0,1.0,0.0
Azat Maksum,Striker,28.0,67.0,70.0,2.8,5.23,2.0,0.5,56.0,67.0,0.5,900.0,82.0,2.0,0.0,5.0,5.0,7.0,24.0,22.0,17.0,1.0,0.0
Jacob Malkoun,MMA,28.0,69.0,73.0,3.86,2.48,6.62,0.43,53.0,20.0,0.0,602.0,159.0,12.0,100.0,3.0,5.0,0.0,56.0,42.0,8.0,3.0,0.0
Mike Malott,MMA,32.0,73.0,73.0,3.83,3.33,3.04,1.01,52.0,17.0,0.68,444.0,126.0,9.0,35.0,4.0,0.0,6.0,47.0,60.0,10.0,2.0,1.0
Jesse Mariotti,,26.0,,,,,,,,,,,,,,,,,,,,,
Chepe Mariscal,,31.0,67.0,69.0,4.75,3.24,3.09,0.28,50.0,73.0,0.0,800.0,122.0,63.0,68.0,6.0,8.0,3.0,57.0,39.0,17.0,6.0,0.0
Brendon Marotte,Boxer,28.0,69.0,72.0,3.0,42.0,0.0,0.0,33.0,0.0,20.0,1.0,0.0,0.0,5.0,2.0,2.0,100.0,8.0,2.0,0.0,,
Dallas Marron,,,,,,,,,,,,,,,,,,,,,,,
Francis Marshall,Freestyle,24.0,69.0,72.0,3.66,4.07,3.29,0.73,54.0,0.37,616.0,131.0,2.0,17.0,0.0,2.0,4.0,33.0,50.0,7.0,2.0,0.0,
Michal Martinek,,33.0,,,2.45,4.29,0.0,0.0,52.0,0.0,196.0,5.0,3.0,0.0,0.0,0.0,0.0,53.0,0.0,0.0,0.0,0.0,
Jonathan Martinez,Freestyle,30.0,68.0,70.0,4.54,3.87,0.41,0.08,57.0,68.0,0.73,791.0,685.0,60.0,94.0,9.0,7.0,2.0,50.0,36.0,19.0,5.0,0.0
Kazuma Maruyama,,30.0,,,0.0,0.0,0.0,0.0,0.0,0.0,0.0,0.0,1.0,0.0,,,,,,,,,
Eduardo Matias Torres,,,,,1.1,1.24,2.06,0.0,65.0,50.0,0.0,436.0,6.0,1.0,1.0,0.0,0.0,0.0,35.0,33.0,0.0,1.0,0.0
Jean Matsumoto,Muay Thai,24.0,66.0,68.5,4.76,4.52,1.2,0.6,52.0,56.0,0.0,750.0,106.0,12.0,1.0,3.0,6.0,6.0,38.0,50.0,15.0,0.0,0.0
Connor Matthews,MMA,31.0,68.0,71.0,5.3,6.19,2.97,0.74,57.0,50.0,0.0,807.0,202.0,10.0,2.0,1.0,1.0,5.0,44.0,53.0,7.0,2.0,0.0
Jake Matthews,Freestyle,29.0,71.5,73.0,3.38,2.54,1.56,0.58,61.0,64.0,0.32,694.0,542.0,52.0,187.0,6.0,7.0,7.0,45.0,41.0,20.0,7.0,0.0
Don'Tale Mayes,Boxing,32.0,78.0,81.0,3.51,3.79,0.65,0.0,47.0,58.0,0.28,750.0,427.0,80.0,64.0,7.0,3.0,0.0,44.0,39.0,11.0,7.0,0.0
Court McGee,Freestyle,39.0,71.0,75.5,4.6,3.62,1.84,0.42,61.0,70.0,0.16,777.0,1108.0,80.0,123.0,5.0,11.0,6.0,37.0,25.0,22.0,13.0,0.0
Marcus McGhee,Brazilian Jiu-Jitsu,34.0,68.0,69.0,5.43,2.52,0.84,0.84,71.0,100.0,2.52,357.0,80.0,6.0,11.0,8.0,0.0,1.0,51.0,33.0,9.0,1.0,0.0
Conor McGregor,,34.0,69.0,74.0,5.32,4.66,0.67,0.13,54.0,67.0,1.73,482.0,461.0,61.0,77.0,19.0,2.0,1.0,50.0,56.0,22.0,6.0,0.0
Sean Mcinerney,,36.0,,,,,,,,,,,,,,,,,,,,,
Rhys McKee,MMA,28.0,74.0,78.0,4.8,7.85,0.0,0.0,43.0,41.0,0.0,722.0,215.0,13.0,3.0,10.0,0.0,3.0,46.0,0.0,13.0,6.0,1.0
Terrance McKinney,MMA,29.0,70.0,73.5,4.53,2.63,3.45,0.99,46.0,86.0,1.48,183.0,71.0,25.0,42.0,7.0,0.0,8.0,51.0,37.0,15.0,7.0,0.0
Tim Means,Striker,40.0,74.0,75.0,5.08,3.64,1.16,0.16,60.0,65.0,0.58,591.0,1111.0,202.0,139.0,20.0,8.0,5.0,49.0,40.0,33.0,16.0,1.0
MarQuel Mederos,MMA,27.0,70.0,69.5,4.39,3.29,0.0,0.0,63.0,91.0,0.78,575.0,77.0,7.0,0.0,6.0,2.0,0.0,45.0,0.0,9.0,1.0,0.0
Uroš Medić,MMA,31.0,73.0,71.0,5.51,3.18,0.38,0.0,58.0,56.0,2.63,342.0,131.0,27.0,62.0,8.0,0.0,2.0,61.0,50.0,10.0,2.0,0.0
Gerald Meerschaert,Freestyle,36.0,73.0,77.5,3.18,3.37,2.17,1.63,54.0,34.0,0.27,498.0,415.0,62.0,51.0,6.0,2.0,28.0,45.0,38.0,36.0,17.0,0.0
Dominik Melendez,,,,,,,,,,,,,,,,,,,,,,,
Mateus Mendonça,Jiu-Jitsu,25.0,66.0,71.5,1.66,4.14,2.54,0.42,30.0,56.0,0.85,532.0,41.0,6.0,12.0,3.0,3.0,4.0,40.0,27.0,10.0,3.0,0.0
Alonzo Menifield,Freestyle,36.0,72.0,76.0,3.77,3.7,0.63,0.25,49.0,76.0,0.75,423.0,319.0,67.0,66.0,10.0,2.0,3.0,54.0,33.0,15.0,5.0,1.0
Jim Miller,Jiu-Jitsu,40.0,68.0,71.0,2.99,3.5,1.53,1.67,57.0,48.0,0.21,589.0,920.0,192.0,178.0,7.0,10.0,20.0,42.0,44.0,37.0,18.0,0.0
Mo Miller,,30.0,68.0,72.5,1.87,1.33,4.0,0.0,61.0,0.0,900.0,22.0,0.0,6.0,0.0,0.0,0.0,46.0,80.0,1.0,0.0,0.0,
Zhang Mingyang,MMA,25.0,74.0,,9.23,6.39,0.0,0.0,58.0,5.33,169.0,44.0,0.0,8.0,11.0,0.0,6.0,58.0,17.0,6.0,0.0,,
Stipe Miocic,,41.0,77.0,80.0,4.82,3.82,1.86,0.0,55.0,68.0,0.52,671.0,689.0,117.0,164.0,15.0,5.0,0.0,53.0,34.0,20.0,4.0,0.0
Gabriel Miranda,Grappler,33.0,71.0,71.0,3.52,6.88,4.8,2.4,39.0,0.0,188.0,19.0,3.0,0.0,1.0,0.0,16.0,51.0,40.0,17.0,6.0,0.0,
Toby Misech,,25.0,68.0,,3.27,7.73,0.0,0.0,46.0,0.0,900.0,49.0,0.0,0.0,0.0,0.0,0.0,41.0,0.0,10.0,5.0,0.0,
Martin Mishtaku,,36.0,,,,,,,,,,,,,,,,,,,,,
Terrence Mitchell,MMA,33.0,70.0,74.0,2.21,8.85,3.69,0.0,42.0,0.0,122.0,6.0,2.0,1.0,8.0,1.0,6.0,35.0,50.0,15.0,4.0,0.0,
Bryce Mitchell,MMA,29.0,70.0,70.0,2.3,1.63,3.45,1.58,59.0,33.0,0.14,696.0,119.0,10.0,111.0,0.0,7.0,9.0,59.0,41.0,16.0,3.0,0.0
Renato Moicano,Jiu-Jitsu,35.0,71.0,72.0,4.38,3.68,1.89,0.6,61.0,73.0,0.1,565.0,565.0,20.0,75.0,0.0,8.0,10.0,48.0,45.0,19.0,5.0,1.0
Muhammad Mokaev,Wrestler,23.0,67.0,70.0,1.61,1.35,5.29,0.85,58.0,25.0,0.17,754.0,101.0,7.0,34.0,2.0,5.0,6.0,45.0,41.0,13.0,0.0,0.0
Jeffrey Molina,MMA,25.0,66.5,69.0,7.25,5.04,0.0,0.0,56.0,67.0,0.89,762.0,295.0,32.0,41.0,4.0,2.0,4.0,48.0,0.0,11.0,2.0,0.0
Michael Morales,Striker,24.0,72.0,79.0,5.28,3.6,1.24,0.0,53.0,92.0,0.75,723.0,259.0,23.0,36.0,11.0,4.0,1.0,46.0,42.0,16.0,0.0,0.0
Brandon Moreno,Jiu-Jitsu,30.0,67.0,70.0,3.87,3.63,1.74,0.46,60.0,64.0,0.23,969.0,856.0,56.0,87.0,5.0,5.0,11.0,44.0,47.0,21.0,8.0,2.0
Alex Morono,Kickboxer,33.0,71.0,72.0,4.96,4.34,0.36,0.36,58.0,49.0,0.3,716.0,1094.0,92.0,56.0,6.0,11.0,7.0,41.0,26.0,24.0,10.0,0.0
Sergey Morozov,,34.0,66.0,67.0,3.01,2.97,3.63,0.0,61.0,68.0,0.24,745.0,147.0,17.0,23.0,8.0,7.0,3.0,43.0,32.0,19.0,5.0,0.0
Nikolas Motta,Kickboxer,30.0,69.0,70.5,3.08,4.78,0.0,0.0,52.0,82.0,0.72,419.0,107.0,0.0,22.0,10.0,4.0,0.0,33.0,14.0,5.0,0.0,
Sumudaerji,Striker,28.0,68.0,72.0,4.64,2.73,0.29,0.59,62.0,67.0,0.59,513.0,172.0,16.0,50.0,13.0,2.0,1.0,54.0,100.0,16.0,6.0,0.0
Belal Muhammad,,36.0,71.0,72.0,4.39,3.48,2.28,0.16,57.0,89.0,0.0,893.0,1070.0,54.0,117.0,5.0,18.0,1.0,44.0,39.0,24.0,3.0,0.0
Jamie Mullarkey,Freestyle,29.0,72.0,74.0,4.39,4.53,2.31,0.14,54.0,79.0,0.29,566.0,389.0,42.0,25.0,10.0,3.0,3.0,47.0,34.0,17.0,8.0,0.0
Pedro Munhoz,Muay Thai,37.0,66.0,64.5,5.32,6.23,0.51,0.51,57.0,82.0,0.44,678.0,1158.0,56.0,49.0,5.0,6.0,8.0,43.0,18.0,20.0,9.0,0.0
Alexander Munoz,,33.0,69.0,72.0,3.7,4.73,3.0,0.0,55.0,100.0,0.25,900.0,167.0,14.0,41.0,2.0,3.0,1.0,43.0,40.0,7.0,2.0,0.0
Johnny Munoz,Freestyle,30.0,69.0,71.0,2.44,2.66,2.4,1.75,55.0,45.0,0.0,687.0,125.0,26.0,17.0,2.0,3.0,7.0,37.0,26.0,12.0,4.0,0.0
Olivier Murad,,29.0,,,2.6,2.2,1.0,0.0,61.0,56.0,1.0,900.0,33.0,5.0,1.0,0.0,0.0,0.0,37.0,100.0,1.0,0.0,0.0
Lerone Murphy,Kickboxer,33.0,69.0,73.5,5.01,2.6,1.59,0.63,61.0,47.0,0.32,810.0,370.0,47.0,57.0,7.0,7.0,0.0,54.0,53.0,14.0,0.0,1.0
Jesse Murray,,30.0,75.0,78.0,2.38,7.72,0.0,0.0,43.0,0.0,101.0,4.0,0.0,0.0,0.0,0.0,0.0,29.0,0.0,1.0,0.0,,
Azamat Murzakanov,MMA,35.0,70.0,71.5,4.72,2.9,0.62,0.0,62.0,83.0,1.55,580.0,164.0,14.0,50.0,10.0,2.0,1.0,56.0,15.0,14.0,0.0,0.0
Max Mustaki,,35.0,72.0,,8.2,13.0,0.0,0.0,46.0,0.0,300.0,38.0,0.0,3.0,0.0,0.0,0.0,50.0,6.0,3.0,0.0,,
Muhammad Naimov,MMA,29.0,69.0,70.0,3.18,4.28,1.8,0.0,42.0,57.0,0.3,600.0,106.0,33.0,20.0,6.0,2.0,2.0,44.0,30.0,11.0,3.0,0.0
Rinya Nakamura,Wrestler,28.0,67.0,68.5,3.53,1.38,3.72,1.65,67.0,100.0,1.65,436.0,58.0,4.0,66.0,5.0,2.0,1.0,55.0,90.0,9.0,0.0,0.0
Allan Nascimento,Striker,32.0,68.5,69.5,3.21,2.28,1.55,0.93,50.0,17.0,0.0,724.0,114.0,12.0,29.0,2.0,4.0,14.0,61.0,26.0,20.0,6.0,0.0
Rodrigo Nascimento,Jiu-Jitsu,31.0,74.0,80.0,4.05,4.62,1.23,0.61,44.0,77.0,0.0,551.0,231.0,37.0,29.0,2.0,2.0,6.0,49.0,38.0,11.0,2.0,0.0
Nasrudin Nasrudinov,,31.0,72.0,71.5,1.03,0.29,2.2,0.0,75.0,40.0,0.0,409.0,4.0,0.0,3.0,0.0,0.0,0.0,88.0,50.0,0.0,1.0,0.0
Geoff Neal,Striker,33.0,71.0,75.0,4.97,5.47,0.46,0.11,57.0,88.0,0.91,658.0,533.0,74.0,47.0,9.0,4.0,2.0,51.0,44.0,15.0,6.0,0.0
Nicolae Negumereanu,Wrestler,28.0,72.5,78.0,3.58,5.56,1.02,0.0,39.0,63.0,0.0,586.0,155.0,49.0,6.0,8.0,2.0,3.0,41.0,29.0,13.0,2.0,0.0
Nair Nelikyan,,26.0,,,0.0,0.0,0.0,0.0,0.0,0.0,0.0,0.0,0.0,0.0,,,,,,,,,
Kyle Nelson,Jiu-Jitsu,32.0,71.0,71.0,3.65,4.69,1.1,0.63,52.0,73.0,0.0,636.0,298.0,47.0,3.0,6.0,5.0,4.0,46.0,21.0,15.0,5.0,1.0
Gunnar Nelson,Grappler,34.0,71.0,72.0,1.84,3.0,1.9,1.0,50.0,67.0,0.1,602.0,146.0,24.0,107.0,4.0,3.0,13.0,61.0,59.0,19.0,5.0,1.0
Eduardo Neves,,23.0,,,7.69,6.15,5.77,0.0,56.0,0.0,156.0,33.0,3.0,4.0,0.0,0.0,0.0,66.0,67.0,0.0,2.0,0.0,
Nick Newell,,37.0,70.0,,3.53,4.07,0.0,0.0,36.0,33.0,0.0,900.0,52.0,1.0,0.0,0.0,0.0,0.0,46.0,14.0,1.0,0.0,
Journey Newson,Brazilian Jiu-Jitsu,34.0,65.0,67.5,2.64,2.57,0.56,0.28,65.0,44.0,0.28,534.0,128.0,4.0,9.0,3.0,4.0,3.0,33.0,17.0,10.0,5.0,0.0
Steven Nguyen,MMA,30.0,71.0,73.0,7.15,7.36,0.28,0.0,61.0,85.0,0.28,806.0,374.0,3.0,7.0,4.0,2.0,3.0,40.0,100.0,9.0,2.0,0.0
Bo Nickal,Wrestler,28.0,73.0,76.0,1.64,0.5,7.46,7.46,71.0,1.07,169.0,10.0,1.0,12.0,2.0,0.0,4.0,62.0,50.0,6.0,0.0,0.0,
Matheus Nicolau,Boxing,31.0,66.0,66.0,3.62,3.19,1.38,0.83,66.0,93.0,1.11,651.0,342.0,4.0,46.0,5.0,9.0,5.0,53.0,45.0,19.0,5.0,1.0
Stewart Nicoll,Grappler,29.0,65.0,65.0,0.0,0.0,0.0,0.0,4.0,1.0,3.0,8.0,0.0,0.0,,,,,,,,,
Chidi Njokuani,MMA,35.0,75.0,80.0,4.09,2.94,0.0,0.21,56.0,74.0,0.62,543.0,169.0,88.0,39.0,14.0,7.0,1.0,62.0,0.0,23.0,10.0,0.0
Kyle Noblitt,,33.0,,,0.0,0.0,0.0,,,,,,,,,,,,,,,,
Taiyilake Nueraji,,22.0,,,0.0,0.0,0.0,0.0,0.0,0.0,0.0,1.0,0.0,0.0,,,,,,,,,
Abubakar Nurmagomedov,,33.0,71.0,72.0,2.78,2.61,1.25,0.0,65.0,89.0,0.0,718.0,119.0,13.0,1.0,6.0,7.0,4.0,53.0,22.0,17.0,4.0,1.0
Said Nurmagomedov,MMA,31.0,68.0,70.0,3.55,2.13,1.01,1.42,57.0,67.0,0.2,494.0,194.0,44.0,25.0,4.0,27.0,6.0,48.0,17.0,18.0,3.0,0.0
Umar Nurmagomedov,MMA,28.0,68.0,69.0,4.46,1.36,3.98,0.42,64.0,100.0,0.21,716.0,186.0,13.0,120.0,2.0,9.0,7.0,63.0,50.0,18.0,0.0,0.0
Kennedy Nzechukwu,Wrestler,32.0,77.0,83.0,5.13,4.9,0.6,0.24,51.0,81.0,0.36,577.0,500.0,79.0,62.0,8.0,3.0,0.0,46.0,45.0,12.0,5.0,0.0
Sean O'Malley,,29.0,71.0,72.0,7.63,3.52,0.35,0.35,62.0,63.0,0.92,600.0,935.0,21.0,35.0,12.0,5.0,1.0,62.0,43.0,18.0,1.0,0.0
Christian Ocon,MMA,27.0,68.0,69.0,1.73,5.27,0.0,0.0,35.0,64.0,0.0,900.0,22.0,4.0,0.0,0.0,0.0,0.0,53.0,4.0,0.0,0.0,
Volkan Oezdemir,Striker,34.0,74.0,75.0,4.79,3.96,0.56,0.11,56.0,80.0,0.67,575.0,493.0,87.0,62.0,13.0,4.0,1.0,48.0,33.0,20.0,7.0,0.0
Trey Ogden,Jiu-Jitsu,34.0,71.0,72.0,3.07,3.46,2.04,0.85,57.0,100.0,0.0,882.0,244.0,18.0,9.0,0.0,7.0,11.0,48.0,31.0,18.0,6.0,0.0
JJ Okanovich,,32.0,,,6.93,5.27,0.0,0.0,51.0,100.0,0.0,900.0,86.0,2.0,16.0,0.0,0.0,0.0,56.0,0.0,0.0,0.0,
Bolaji Oki,MMA,28.0,70.0,73.0,5.18,2.53,0.84,0.0,64.0,83.0,0.84,533.0,87.0,1.0,4.0,5.0,2.0,1.0,43.0,100.0,9.0,1.0,0.0
Michal Oleksiejczuk,MMA,29.0,72.0,74.0,5.08,4.61,1.08,0.0,59.0,48.0,1.08,388.0,398.0,24.0,70.0,14.0,4.0,1.0,51.0,44.0,19.0,9.0,0.0
Vinicius Oliveira,MMA,28.0,69.0,70.5,5.87,2.87,1.38,0.0,53.0,69.0,0.92,654.0,172.0,4.0,16.0,16.0,2.0,2.0,44.0,60.0,21.0,3.0,0.0
Saimon Oliveira,Striker,32.0,64.0,72.0,2.82,3.91,1.21,1.61,48.0,35.0,0.0,746.0,89.0,13.0,3.0,5.0,2.0,11.0,41.0,25.0,18.0,5.0,0.0
Bruno Oliveira,,39.0,,,3.44,4.92,0.0,0.0,55.0,0.0,122.0,7.0,0.0,0.0,0.0,0.0,0.0,33.0,0.0,1.0,0.0,,
Charles Oliveira,Jiu-Jitsu,34.0,70.0,74.0,3.39,3.2,2.17,2.81,51.0,55.0,0.51,427.0,451.0,166.0,179.0,10.0,3.0,21.0,54.0,40.0,34.0,10.0,0.0
David Onama,Striker,29.0,71.0,74.0,5.04,5.1,0.67,0.45,52.0,53.0,0.67,668.0,278.0,29.0,30.0,7.0,1.0,4.0,48.0,18.0,12.0,2.0,0.0
Myktybek Orolbai,MMA,26.0,70.0,74.0,3.0,42.0,0.0,0.0,33.0,0.0,20.0,1.0,0.0,0.0,5.0,2.0,2.0,100.0,13.0,1.0,1.0,,
Brian Ortega,Striker,33.0,68.0,69.0,4.07,6.54,1.17,1.17,50.0,58.0,0.49,767.0,542.0,48.0,34.0,3.0,5.0,8.0,39.0,27.0,16.0,3.0,0.0
Ode Osbourne,Striker,32.0,67.0,73.0,3.46,4.44,1.27,0.25,45.0,65.0,0.51,356.0,179.0,10.0,16.0,5.0,2.0,4.0,39.0,28.0,12.0,7.0,0.0
Sidney Outlaw,,31.0,68.0,74.0,0.13,0.8,3.0,3.0,71.0,0.0,900.0,2.0,0.0,0.0,1.0,4.0,3.0,33.0,75.0,9.0,4.0,0.0,
Angel Pacheco,Boxing,32.0,68.0,70.0,9.5,11.47,0.0,0.0,41.0,29.0,0.0,900.0,243.0,42.0,0.0,5.0,0.0,2.0,39.0,0.0,7.0,3.0,0.0
Fernando Padilla,MMA,27.0,73.0,75.98,6.48,5.25,0.0,0.77,54.0,100.0,1.54,389.0,101.0,7.0,18.0,4.0,2.0,8.0,42.0,0.0,16.0,5.0,0.0
Dinis Paiva,,35.0,,,2.6,2.73,0.0,0.0,67.0,82.0,1.0,900.0,34.0,1.0,4.0,0.0,0.0,0.0,41.0,13.0,8.0,0.0,
Luis Pajuelo,MMA,29.0,70.0,69.5,6.03,8.2,0.0,0.0,52.0,67.0,0.0,194.0,18.0,4.0,17.0,7.0,1.0,0.0,57.0,8.0,2.0,0.0,
Rick Palacios,,35.0,66.0,,7.73,3.27,0.0,0.0,60.0,100.0,0.0,900.0,115.0,1.0,0.0,0.0,0.0,0.0,54.0,10.0,1.0,0.0,
Alexandre Pantoja,MMA,34.0,65.0,67.0,4.41,3.97,2.61,0.84,50.0,68.0,0.31,781.0,689.0,91.0,81.0,8.0,10.0,10.0,50.0,48.0,28.0,5.0,0.0
Josh Parisian,Striker,34.0,76.0,79.0,4.55,4.88,0.98,0.2,41.0,46.0,0.39,508.0,240.0,74.0,33.0,11.0,2.0,2.0,48.0,33.0,15.0,8.0,0.0
Junyong Park,Boxing,33.0,70.0,73.0,4.53,3.3,1.83,1.05,54.0,58.0,0.13,689.0,418.0,43.0,59.0,5.0,6.0,6.0,51.0,50.0,17.0,6.0,0.0
HyunSung Park,MMA,28.0,67.0,66.0,4.15,3.43,1.54,2.57,60.0,100.0,1.03,438.0,93.0,8.0,20.0,4.0,1.0,4.0,45.0,27.0,9.0,0.0,0.0
Jae Hyun Park,,21.0,,,0.0,0.0,0.0,0.0,0.0,0.0,0.0,0.0,1.0,0.0,,,,,,,,,
Mick Parkin,MMA,28.0,76.0,79.0,4.91,4.15,1.49,0.3,58.0,50.0,0.3,604.0,230.0,11.0,6.0,5.0,3.0,1.0,53.0,42.0,10.0,0.0,0.0
Preston Parsons,MMA,29.0,71.0,71.0,3.5,3.12,3.53,2.35,55.0,71.0,0.0,765.0,146.0,30.0,47.0,0.0,2.0,9.0,52.0,37.0,11.0,5.0,0.0
Jonny Parsons,Muay Thai,32.0,69.0,69.0,4.65,4.89,0.0,0.0,60.0,67.0,1.2,749.0,103.0,8.0,5.0,7.0,2.0,0.0,45.0,0.0,9.0,3.0,0.0
Billy Pasulatan,,31.0,,,0.65,5.22,0.0,4.89,48.0,0.0,184.0,2.0,0.0,0.0,0.0,0.0,0.0,20.0,0.0,1.0,0.0,,
Jhonoven Pati,,32.0,,,2.88,6.13,2.7,0.0,33.0,0.0,333.0,12.0,3.0,1.0,0.0,0.0,0.0,53.0,100.0,0.0,1.0,0.0,
Wendri Patilima,,29.0,,,0.0,0.0,0.0,0.0,0.0,0.0,0.0,0.0,1.0,0.0,,,,,,,,,
Sam Patterson,MMA,28.0,75.0,78.0,2.66,3.37,1.94,3.89,49.0,33.0,0.0,232.0,37.0,4.0,0.0,4.0,1.0,7.0,38.0,100.0,12.0,2.0,1.0
Thomas Paull,,28.0,,,7.33,8.67,0.0,0.0,65.0,0.0,90.0,11.0,0.0,0.0,0.0,0.0,0.0,33.0,0.0,1.0,0.0,,
Sergei Pavlovich,MMA,32.0,75.0,84.0,5.86,5.03,0.0,0.0,52.0,75.0,3.2,219.0,144.0,18.0,30.0,15.0,3.0,0.0,44.0,0.0,18.0,3.0,0.0
Jonathan Pearce,MMA,31.0,72.0,71.0,5.32,3.43,5.24,0.79,54.0,58.0,0.0,630.0,282.0,101.0,119.0,9.0,3.0,2.0,55.0,50.0,14.0,6.0,0.0
Trevor Peek,,29.0,69.0,70.0,4.58,4.17,1.82,0.0,45.0,54.0,0.52,691.0,181.0,49.0,34.0,8.0,0.0,0.0,55.0,54.0,9.0,2.0,0.0
Matěj Peňáz,,26.0,,,1.28,2.55,0.0,0.0,33.0,0.0,47.0,1.0,0.0,0.0,0.0,0.0,0.0,33.0,0.0,1.0,0.0,,
Feng Pengchao,,23.0,,,0.0,0.0,0.0,0.0,0.0,0.0,0.0,0.0,0.0,0.0,,,,,,,,,
Alex Pereira,Kickboxer,37.0,76.0,79.0,5.23,3.51,0.17,0.35,51.0,70.0,1.04,579.0,357.0,61.0,36.0,9.0,2.0,0.0,64.0,100.0,11.0,2.0,0.0
Michel Pereira,Striker,30.0,73.0,73.0,5.16,3.7,1.53,0.84,58.0,94.0,0.42,587.0,463.0,68.0,24.0,11.0,10.0,9.0,54.0,55.0,31.0,11.0,0.0
Alex Perez,Freestyle,32.0,66.0,65.5,4.19,3.2,2.04,0.85,59.0,77.0,0.68,407.0,260.0,55.0,55.0,6.0,12.0,7.0,46.0,46.0,25.0,9.0,0.0
Thomas Petersen,Boxer,29.0,73.0,74.0,4.32,3.96,2.49,0.42,57.0,100.0,0.0,723.0,130.0,9.0,17.0,7.0,0.0,1.0,61.0,43.0,9.0,2.0,0.0
Vitor Petrino,Striker,26.0,74.0,77.5,2.82,2.58,3.98,0.75,45.0,71.0,0.5,604.0,125.0,3.0,42.0,7.0,2.0,0.0,46.0,67.0,11.0,1.0,0.0
Andre Petroski,Freestyle,33.0,72.0,73.0,3.0,2.7,4.07,2.04,51.0,80.0,0.19,607.0,160.0,7.0,76.0,4.0,3.0,4.0,51.0,56.0,11.0,4.0,0.0
Armen Petrosyan,Muay Thai,33.0,75.0,71.0,5.69,2.9,0.22,0.0,57.0,32.0,0.22,693.0,350.0,24.0,20.0,6.0,3.0,0.0,53.0,33.0,9.0,3.0,0.0
Peter Petties,,32.0,69.0,,2.61,8.24,0.0,0.0,48.0,0.0,459.0,16.0,4.0,0.0,3.0,2.0,0.0,29.0,0.0,5.0,3.0,0.0,
Kyler Phillips,,29.0,68.0,72.0,5.72,3.38,2.41,0.48,61.0,75.0,0.48,700.0,406.0,41.0,87.0,5.0,5.0,2.0,46.0,47.0,12.0,2.0,0.0
Vinc Pichel,Freestyle,41.0,70.0,72.0,3.62,3.05,2.78,0.22,56.0,25.0,0.11,736.0,305.0,99.0,84.0,8.0,6.0,0.0,47.0,54.0,14.0,4.0,0.0
Paddy Pimblett,,29.0,70.0,73.0,4.94,3.75,0.91,2.13,41.0,53.0,0.61,494.0,180.0,17.0,47.0,6.0,6.0,10.0,53.0,25.0,22.0,3.0,0.0
Daniel Pineda,Freestyle,38.0,67.0,69.0,2.96,3.34,1.61,1.48,44.0,49.0,0.27,542.0,196.0,22.0,112.0,9.0,0.0,19.0,49.0,24.0,28.0,16.0,0.0
Jamal Pogues,Boxing,28.0,75.0,77.0,3.36,4.17,2.4,0.0,50.0,78.0,0.0,900.0,202.0,28.0,22.0,4.0,6.0,1.0,45.0,48.0,11.0,4.0,0.0
Dustin Poirier,Jiu-Jitsu,35.0,69.0,72.0,5.3,4.33,1.24,1.28,53.0,64.0,0.62,617.0,1351.0,282.0,165.0,16.0,7.0,7.0,51.0,36.0,30.0,9.0,0.0
Santiago Ponzinibbio,Striker,37.0,72.0,73.0,4.74,4.55,0.59,0.0,62.0,67.0,0.74,674.0,908.0,20.0,30.0,16.0,8.0,6.0,41.0,32.0,30.0,8.0,0.0
Parker Porter,MMA,38.0,72.0,75.0,6.55,6.32,1.35,0.45,52.0,67.0,0.0,444.0,374.0,47.0,15.0,6.0,5.0,3.0,50.0,26.0,14.0,9.0,0.0
Ihor Potieria,MMA,27.0,75.0,75.0,5.13,5.04,0.0,0.0,51.0,57.0,1.37,374.0,161.0,35.0,28.0,9.0,4.0,6.0,51.0,0.0,20.0,6.0,0.0
Marcin Prachnio,Karate,36.0,75.0,74.0,5.57,3.24,0.15,0.0,54.0,54.0,0.15,616.0,482.0,89.0,1.0,11.0,5.0,1.0,54.0,20.0,17.0,8.0,0.0
Francisco Prado,,21.0,70.0,69.0,4.58,5.66,0.0,0.44,53.0,25.0,0.44,682.0,133.0,3.0,20.0,6.0,0.0,6.0,41.0,0.0,12.0,2.0,0.0
Ricardo Prasel,Jiu-Jitsu,33.0,79.0,,2.21,7.83,0.0,0.0,37.0,0.0,299.0,9.0,2.0,0.0,0.0,0.0,0.0,58.0,0.0,9.0,2.0,0.0,
Rana Rudra Pratap Singh,,26.0,,,0.0,0.0,0.0,0.0,0.0,0.0,0.0,0.0,1.0,0.0,,,,,,,,,
Niko Price,Freestyle,34.0,72.0,76.0,5.65,5.69,1.15,0.63,49.0,62.0,0.52,506.0,631.0,85.0,94.0,10.0,3.0,3.0,43.0,32.0,16.0,7.0,0.0
Jiří Procházka,Muay Thai,31.0,75.0,80.0,5.38,5.59,0.72,0.24,40.0,68.0,0.48,625.0,256.0,19.0,61.0,26.0,1.0,3.0,55.0,60.0,30.0,5.0,1.0
Claudio Puelles,Muay Thai,27.0,70.0,72.0,1.56,2.78,3.17,1.17,46.0,60.0,0.0,674.0,74.0,8.0,58.0,2.0,4.0,7.0,50.0,37.0,13.0,4.0,0.0
Joe Pyfer,Boxing,27.0,74.0,75.0,3.72,3.48,1.45,0.87,52.0,50.0,0.87,443.0,175.0,2.0,15.0,9.0,1.0,3.0,41.0,42.0,13.0,3.0,0.0
Billy Quarantillo,MMA,35.0,70.0,70.0,7.36,5.57,1.24,1.11,44.0,61.0,0.25,662.0,573.0,177.0,143.0,8.0,4.0,5.0,57.0,23.0,18.0,6.0,0.0
Landon Quinones,Striker,28.0,69.0,70.0,6.77,7.7,0.5,0.0,56.0,100.0,0.0,900.0,191.0,12.0,0.0,5.0,1.0,1.0,40.0,33.0,7.0,3.0,1.0
Cristian Quiñonez,Jiu-Jitsu,27.0,68.0,70.0,4.19,4.55,1.37,0.0,55.0,84.0,0.46,491.0,124.0,9.0,4.0,10.0,5.0,3.0,40.0,38.0,18.0,5.0,0.0
Loik Radzhabov,Boxing,33.0,71.0,69.0,2.89,3.76,4.65,0.0,46.0,43.0,0.31,726.0,97.0,4.0,39.0,8.0,5.0,5.0,44.0,58.0,18.0,6.0,1.0
Shavkat Rakhmonov,Sambo,29.0,73.0,77.0,4.12,2.41,1.49,1.79,52.0,100.0,0.3,502.0,113.0,56.0,38.0,8.0,0.0,10.0,61.0,29.0,18.0,0.0,0.0
Aleksandar Rakić,Freestyle,32.0,76.0,78.0,4.26,2.8,0.76,0.15,51.0,86.0,0.6,662.0,265.0,43.0,115.0,9.0,3.0,1.0,51.0,25.0,14.0,4.0,0.0
Mitch Ramirez,MMA,31.0,71.0,71.0,2.37,3.34,0.91,0.0,36.0,0.0,495.0,35.0,4.0,0.0,5.0,1.0,2.0,42.0,100.0,8.0,2.0,0.0,
Ricardo Ramos,Jiu-Jitsu,29.0,69.0,72.0,3.21,3.74,3.02,0.72,58.0,73.0,0.43,522.0,284.0,26.0,25.0,4.0,5.0,7.0,38.0,60.0,16.0,6.0,0.0
Mitch Raposo,Freestyle,25.0,65.0,64.5,2.29,3.32,1.94,0.0,52.0,50.0,0.0,696.0,50.0,0.0,3.0,4.0,2.0,3.0,34.0,60.0,9.0,2.0,0.0
Greg Rebello,,41.0,72.0,73.0,2.61,2.92,0.0,0.0,58.0,0.0,288.0,24.0,1.0,0.0,15.0,7.0,2.0,39.0,24.0,8.0,0.0,,
Zachary Reese,,30.0,76.0,77.0,5.32,6.21,0.0,8.87,28.0,4.43,68.0,11.0,1.0,6.0,4.0,0.0,2.0,67.0,7.0,1.0,0.0,,
Steve Regman,MMA,31.0,71.0,78.0,1.41,4.93,3.52,0.0,24.0,0.0,511.0,10.0,1.0,1.0,0.0,0.0,0.0,60.0,100.0,9.0,3.0,0.0,
Paulo Renato Jr.,,29.0,,,4.89,5.18,0.0,0.0,57.0,100.0,0.0,521.0,83.0,2.0,0.0,0.0,0.0,0.0,45.0,0.0,2.0,0.0,
Solomon Renfro,,26.0,69.5,72.5,5.2,3.53,2.0,0.0,61.0,100.0,1.0,900.0,58.0,16.0,4.0,0.0,0.0,0.0,45.0,50.0,0.0,1.0,0.0
Kyle Reyes,,,,,0.0,0.0,0.0,,,,,,,,,,,,,,,,
Dominick Reyes,,34.0,76.0,77.0,4.87,3.75,0.35,0.35,49.0,81.0,1.04,470.0,347.0,43.0,30.0,8.0,3.0,2.0,50.0,29.0,13.0,4.0,0.0
Alex Reyes,Freestyle,37.0,71.0,73.0,4.04,10.91,0.0,0.0,40.0,0.0,149.0,15.0,5.0,0.0,9.0,0.0,4.0,39.0,0.0,13.0,4.0,0.0,
Brendson Ribeiro,Striker,27.0,75.0,81.0,3.08,3.08,2.2,0.73,49.0,0.73,409.0,55.0,3.0,5.0,9.0,0.0,6.0,47.0,50.0,15.0,7.0,0.0,
Brad Riddell,Striker,31.0,67.0,71.0,4.71,3.53,1.77,0.0,54.0,63.0,0.2,655.0,297.0,16.0,47.0,5.0,5.0,0.0,54.0,36.0,10.0,4.0,0.0
Robbie Ring,,23.0,,,5.11,9.15,4.04,0.0,38.0,0.0,223.0,17.0,2.0,0.0,0.0,0.0,0.0,38.0,33.0,0.0,1.0,0.0,
Roosevelt Roberts,Jiu-Jitsu,29.0,74.0,73.0,3.05,3.12,1.39,0.87,53.0,53.0,0.0,519.0,187.0,15.0,62.0,4.0,3.0,5.0,44.0,30.0,12.0,5.0,0.0
Danny Roberts,Striker,36.0,73.0,74.0,3.18,3.73,0.24,0.24,51.0,58.0,0.35,545.0,262.0,82.0,61.0,8.0,5.0,5.0,40.0,10.0,18.0,8.0,0.0
Keifer Roberts,,30.0,,,,,,,,,,,,,,,,,,,,,
Vagner Rocha,,41.0,70.0,73.0,2.64,4.5,1.4,1.86,48.0,50.0,0.0,567.0,74.0,1.0,10.0,0.0,0.0,0.0,43.0,33.0,11.0,4.0,0.0
Lucas Rocha,,23.0,,,1.51,4.15,0.0,0.0,33.0,67.0,2.83,318.0,3.0,2.0,3.0,0.0,0.0,0.0,53.0,1.0,0.0,0.0,
Gregory Rodrigues,Grappler,32.0,75.0,75.0,5.52,4.69,2.74,0.37,51.0,100.0,0.73,493.0,363.0,53.0,37.0,10.0,2.0,3.0,56.0,42.0,16.0,5.0,0.0
Ronaldo Rodriguez,Striker,24.0,66.0,65.5,2.0,3.56,1.2,1.8,47.0,64.0,0.0,750.0,26.0,5.0,19.0,7.0,6.0,3.0,42.0,50.0,17.0,2.0,0.0
Pete Rodriguez,Jiu-Jitsu,27.0,69.0,71.0,9.28,12.83,0.0,0.0,43.0,100.0,2.96,101.0,38.0,6.0,3.0,5.0,0.0,0.0,44.0,5.0,2.0,0.0,
Christian Rodriguez,Freestyle,26.0,67.0,71.5,3.65,2.56,1.07,1.07,58.0,66.0,0.0,719.0,221.0,36.0,49.0,3.0,4.0,4.0,48.0,55.0,11.0,2.0,0.0
Yair Rodriguez,Freestyle,31.0,71.0,71.0,4.65,3.99,0.69,0.69,52.0,58.0,0.31,787.0,726.0,62.0,126.0,6.0,6.0,4.0,46.0,27.0,16.0,5.0,0.0
Alexandr Romanov,Wrestler,33.0,74.0,75.0,3.94,2.14,4.17,0.83,51.0,29.0,0.0,479.0,119.0,23.0,141.0,6.0,2.0,9.0,52.0,54.0,17.0,3.0,0.0
Kaleio Romero,,27.0,70.0,69.0,2.6,3.27,1.0,1.0,51.0,0.0,900.0,23.0,12.0,4.0,0.0,0.0,0.0,49.0,8.0,0.0,1.0,0.0,
Anthony Romero,,26.0,,,5.87,4.0,2.0,0.0,66.0,100.0,0.0,900.0,86.0,1.0,1.0,0.0,0.0,0.0,53.0,22.0,1.0,0.0,0.0
Juancamilo Ronderos,MMA,28.0,63.0,64.5,2.18,2.18,2.72,0.0,64.0,0.0,166.0,9.0,3.0,0.0,0.0,2.0,2.0,31.0,33.0,4.0,2.0,0.0,
Rong Zhu,Striker,23.0,69.0,71.0,5.47,5.6,2.09,0.21,46.0,85.0,0.63,716.0,311.0,21.0,60.0,13.0,1.0,4.0,51.0,63.0,24.0,5.0,0.0
Charles Rosa,Freestyle,36.0,69.0,69.0,3.08,3.86,1.67,1.0,47.0,38.0,0.0,828.0,492.0,23.0,38.0,3.0,3.0,8.0,36.0,35.0,14.0,8.0,0.0
Shannon Ross,Freestyle,34.0,66.0,74.0,5.96,7.39,0.0,0.0,55.0,100.0,0.0,294.0,105.0,12.0,0.0,7.0,5.0,1.0,39.0,0.0,13.0,9.0,0.0
Khalil Rountree Jr.,MMA,34.0,73.0,76.5,3.84,4.18,0.0,0.13,50.0,59.0,1.66,470.0,393.0,31.0,27.0,10.0,3.0,0.0,39.0,0.0,14.0,5.0,0.0
Phil Rowe,Boxer,33.0,75.0,80.5,3.65,4.34,0.7,0.35,55.0,57.0,0.53,731.0,261.0,27.0,23.0,6.0,0.0,4.0,50.0,36.0,10.0,5.0,0.0
Cam Rowston,,28.0,,,0.0,0.0,0.0,0.0,0.0,0.0,0.0,0.0,0.0,0.0,,,,,,,,,
Brandon Royval,Brawler,31.0,69.0,68.0,4.33,3.42,0.47,1.1,46.0,40.0,0.47,635.0,355.0,15.0,42.0,4.0,3.0,9.0,37.0,60.0,16.0,7.0,0.0
Jairzinho Rozenstruik,MMA,36.0,74.0,78.0,3.44,2.78,0.0,0.0,48.0,76.0,0.94,516.0,325.0,34.0,26.0,13.0,1.0,0.0,50.0,0.0,14.0,5.0,0.0
Mauricio Ruffy,Striker,27.0,71.0,75.0,4.88,3.8,0.0,0.0,59.0,100.0,0.77,584.0,74.0,1.0,20.0,10.0,0.0,0.0,59.0,0.0,10.0,1.0,0.0
Nursulton Ruziboev,,30.0,77.0,76.0,2.5,4.6,0.77,0.0,49.0,0.77,392.0,37.0,1.0,11.0,12.0,2.0,20.0,43.0,100.0,34.0,9.0,2.0,
Cameron Saaiman,MMA,23.0,68.0,67.0,5.32,4.18,0.91,0.69,52.0,47.0,0.46,656.0,257.0,23.0,69.0,6.0,1.0,1.0,47.0,29.0,9.0,2.0,0.0
Danny Sabatello,,30.0,,,2.07,0.2,3.0,1.0,25.0,100.0,0.0,900.0,2.0,0.0,29.0,0.0,0.0,0.0,57.0,75.0,1.0,0.0,0.0
Pat Sabatini,Brazilian Jiu-Jitsu,33.0,68.0,70.0,2.02,1.54,3.73,1.86,49.0,50.0,0.27,483.0,44.0,10.0,60.0,2.0,8.0,11.0,60.0,42.0,18.0,5.0,0.0
Nazim Sadykhov,,29.0,70.0,69.0,4.94,5.72,1.71,0.34,49.0,75.0,0.69,656.0,152.0,26.0,38.0,6.0,1.0,2.0,49.0,63.0,9.0,1.0,1.0
Frankie Saenz,,42.0,66.0,66.0,3.94,3.5,1.74,0.12,52.0,62.0,0.23,776.0,287.0,174.0,48.0,3.0,8.0,2.0,47.0,32.0,13.0,7.0,0.0
Benoît Saint Denis,MMA,28.0,71.0,73.0,5.7,4.98,4.76,1.49,43.0,69.0,1.19,432.0,166.0,50.0,71.0,4.0,0.0,9.0,55.0,37.0,13.0,2.0,0.0
Ovince Saint Preux,MMA,40.0,75.0,80.0,3.03,3.32,1.1,0.5,48.0,67.0,0.46,579.0,707.0,89.0,195.0,12.0,8.0,8.0,48.0,37.0,27.0,17.0,0.0
Muslim Salikhov,,40.0,71.0,70.0,3.32,2.92,1.12,0.0,63.0,71.0,0.37,660.0,334.0,28.0,40.0,13.0,5.0,2.0,49.0,33.0,20.0,5.0,0.0
Quillan Salkilld,,23.0,,,0.0,0.0,0.0,0.0,0.0,0.0,0.0,0.0,0.0,0.0,,,,,,,,,
Dylan Salvador,,30.0,,,4.34,11.57,0.0,0.0,47.0,0.0,166.0,12.0,0.0,0.0,0.0,0.0,0.0,38.0,0.0,1.0,0.0,,
Vinicius Salvador,Jiu-Jitsu,27.0,67.0,70.5,5.48,6.5,0.36,0.0,48.0,87.0,1.07,632.0,209.0,14.0,8.0,13.0,0.0,1.0,43.0,11.0,14.0,7.0,0.0
Cory Sandhagen,MMA,32.0,71.0,70.0,5.02,3.46,1.19,0.3,57.0,63.0,0.3,863.0,845.0,34.0,131.0,7.0,7.0,3.0,44.0,32.0,17.0,5.0,0.0
Shaheen Santana,,32.0,,,0.82,1.65,0.0,2.75,40.0,0.0,655.0,8.0,1.0,0.0,0.0,0.0,0.0,43.0,0.0,0.0,1.0,0.0,
Daniel Santos,Muay Thai,28.0,67.0,67.0,4.26,5.12,1.9,0.0,51.0,73.0,0.38,789.0,109.0,23.0,36.0,6.0,3.0,2.0,37.0,50.0,12.0,2.0,0.0
Edivan Santos,,31.0,76.0,78.0,1.55,7.09,0.0,0.0,26.0,25.0,0.0,660.0,11.0,6.0,0.0,0.0,0.0,0.0,49.0,0.0,1.0,0.0,
Gabriel Santos,MMA,26.0,69.0,70.0,4.46,6.03,4.34,1.24,45.0,67.0,0.0,727.0,91.0,15.0,2.0,3.0,3.0,4.0,55.0,47.0,10.0,2.0,0.0
Keisuke Sasu,,28.0,,,2.76,2.42,3.76,1.88,48.0,62.0,0.0,479.0,53.0,12.0,1.0,0.0,0.0,0.0,49.0,40.0,1.0,2.0,0.0
Brandon Sayles,,42.0,,,0.0,0.0,0.0,0.0,0.0,0.0,0.0,0.0,0.0,0.0,,,,,,,,,
Matt Schnell,Boxing,34.0,68.0,70.0,4.23,4.56,0.59,1.04,55.0,50.0,0.15,466.0,364.0,37.0,26.0,2.0,5.0,9.0,39.0,44.0,16.0,8.0,0.0
Matthew Semelsberger,Freestyle,31.0,73.0,75.0,3.78,4.21,1.02,0.38,54.0,46.0,1.27,709.0,357.0,36.0,54.0,6.0,3.0,1.0,43.0,57.0,11.0,7.0,0.0
Igor Severino,MMA,20.0,67.0,69.5,7.17,4.33,9.69,0.0,48.0,50.0,1.94,465.0,71.0,4.0,36.0,4.0,0.0,4.0,52.0,71.0,8.0,1.0,0.0
Edmen Shahbazyan,MMA,26.0,74.0,75.0,3.6,4.09,2.24,0.56,46.0,63.0,0.93,439.0,176.0,61.0,53.0,11.0,1.0,1.0,52.0,39.0,13.0,4.0,0.0
Henrique Shiguemoto,,33.0,,,3.6,6.0,0.0,0.0,17.0,50.0,0.0,50.0,3.0,0.0,0.0,0.0,0.0,0.0,33.0,0.0,1.0,0.0,
Jack Shore,MMA,29.0,68.0,71.0,3.75,2.32,3.1,0.65,57.0,76.0,0.33,689.0,243.0,46.0,55.0,4.0,4.0,9.0,59.0,39.0,17.0,2.0,0.0
Ronal Siahaan,,27.0,,,0.0,0.0,0.0,0.0,0.0,0.0,0.0,0.0,1.0,0.0,,,,,,,,,
Serhiy Sidey,Freestyle,27.0,71.0,72.0,5.16,4.19,0.0,0.0,56.0,0.86,523.0,83.0,6.0,1.0,7.0,2.0,1.0,35.0,0.0,10.0,2.0,0.0,
Jacob Silva,,35.0,,,4.17,4.92,1.51,0.0,57.0,67.0,0.0,597.0,73.0,6.0,4.0,0.0,0.0,0.0,45.0,100.0,0.0,2.0,0.0
Erik Silva,,36.0,69.0,71.0,2.07,1.57,3.76,0.0,40.0,63.0,0.0,319.0,14.0,7.0,12.0,3.0,2.0,4.0,70.0,80.0,9.0,3.0,0.0
Joaquim Silva,Jiu-Jitsu,35.0,68.0,69.0,3.66,4.53,0.39,0.78,53.0,69.0,0.39,633.0,323.0,70.0,31.0,7.0,2.0,3.0,43.0,50.0,13.0,6.0,0.0
Danny Silva,Boxing,27.0,71.0,70.0,8.3,9.47,3.0,0.5,59.0,100.0,0.5,900.0,197.0,48.0,4.0,5.0,4.0,0.0,59.0,50.0,9.0,1.0,0.0
Jhonata Silva,,27.0,,,4.86,9.85,0.0,0.0,44.0,0.0,457.0,36.0,1.0,0.0,0.0,0.0,0.0,53.0,0.0,1.0,0.0,,
Jean Silva,Striker,27.0,67.0,69.0,5.37,4.43,0.81,0.0,58.0,80.0,1.22,556.0,165.0,30.0,4.0,11.0,1.0,2.0,53.0,50.0,14.0,2.0,0.0
Jansey Silva,,28.0,,,0.46,2.32,0.0,0.0,33.0,0.0,259.0,1.0,0.0,1.0,0.0,0.0,0.0,40.0,0.0,1.0,0.0,,
Bruno Silva,Striker,34.0,72.0,74.0,4.12,5.45,0.93,0.0,42.0,74.0,0.37,540.0,243.0,33.0,58.0,20.0,3.0,0.0,50.0,28.0,23.0,11.0,0.0
Bruno Silva,Grappler,34.0,64.0,65.0,3.32,3.14,2.26,0.23,59.0,60.0,1.36,568.0,159.0,19.0,42.0,6.0,4.0,4.0,49.0,29.0,14.0,5.0,2.0
Ricky Simon,Wrestling,31.0,66.0,69.0,2.99,3.84,5.2,0.33,62.0,75.0,0.33,778.0,417.0,52.0,74.0,6.0,10.0,4.0,44.0,44.0,20.0,6.0,0.0
Mitchell Sipe,,27.0,74.0,,5.5,9.98,1.53,0.0,46.0,0.0,589.0,46.0,5.0,3.0,0.0,0.0,0.0,57.0,20.0,4.0,1.0,0.0,
Anthony Smith,Freestyle,36.0,76.0,76.0,3.24,4.6,0.46,0.63,47.0,50.0,0.4,591.0,737.0,66.0,41.0,19.0,4.0,15.0,49.0,27.0,38.0,20.0,0.0
Cameron Smotherman,,25.0,,,4.0,13.0,0.0,0.0,35.0,0.0,60.0,4.0,0.0,0.0,0.0,0.0,0.0,36.0,0.0,1.0,0.0,,
Devin Smyth,,27.0,,,2.6,6.73,4.0,0.0,25.0,100.0,0.0,900.0,1.0,31.0,7.0,0.0,0.0,0.0,68.0,27.0,0.0,0.0,0.0
Alexander Soldatkin,,30.0,,,1.16,1.35,1.45,0.0,26.0,50.0,0.0,620.0,4.0,7.0,1.0,0.0,0.0,0.0,60.0,50.0,0.0,1.0,0.0
Joe Solecki,Grappler,30.0,69.0,70.5,1.98,1.77,2.23,1.43,48.0,20.0,0.0,628.0,104.0,13.0,70.0,1.0,3.0,8.0,57.0,47.0,13.0,5.0,0.0
Song Yadong,Boxer,26.0,68.0,67.0,4.49,3.96,0.66,0.17,56.0,72.0,0.58,776.0,683.0,54.0,77.0,9.0,9.0,3.0,44.0,40.0,21.0,8.0,1.0
Emrah Sonmez,,30.0,,,1.47,1.73,5.0,0.0,48.0,0.0,900.0,12.0,2.0,8.0,0.0,0.0,0.0,47.0,22.0,0.0,1.0,0.0,
Benardo Sopaj,MMA,23.0,66.0,66.0,3.06,4.56,3.06,0.0,53.0,50.0,0.0,881.0,21.0,0.0,24.0,0.0,0.0,0.0,52.0,75.0,11.0,3.0,0.0
Mario Sousa,,26.0,75.0,79.5,2.82,2.99,0.52,0.52,28.0,38.0,0.0,575.0,46.0,10.0,25.0,0.0,0.0,0.0,51.0,25.0,1.0,2.0,0.0
Willian Souza,,36.0,,,0.0,0.0,0.0,0.0,0.0,0.0,0.0,0.0,0.0,0.0,,,,,,,,,
Ryan Spann,MMA,32.0,77.0,79.0,3.25,3.89,1.34,1.54,44.0,48.0,1.15,335.0,183.0,21.0,50.0,6.0,3.0,12.0,41.0,35.0,21.0,10.0,0.0
Serghei Spivac,Sambo,29.0,75.0,78.0,3.51,3.72,4.63,0.66,50.0,70.0,0.0,453.0,161.0,14.0,143.0,7.0,3.0,8.0,50.0,65.0,17.0,4.0,0.0
Daniel Spohn,,38.0,76.0,78.0,2.42,1.6,0.0,2.48,54.0,29.0,0.0,545.0,25.0,11.0,8.0,7.0,5.0,4.0,49.0,0.0,16.0,5.0,0.0
Ricky Steele,,35.0,,,4.07,2.93,0.0,0.0,50.0,92.0,0.0,900.0,26.0,22.0,13.0,0.0,0.0,0.0,71.0,0.0,0.0,0.0,0.0
Aljamain Sterling,Kickboxer,35.0,67.0,71.0,4.61,2.3,2.31,0.73,58.0,45.0,0.0,797.0,807.0,185.0,233.0,3.0,13.0,8.0,53.0,28.0,24.0,4.0,0.0
Lazar Stojadinovic,,34.0,67.0,68.0,1.82,1.97,0.0,0.0,59.0,0.0,395.0,11.0,1.0,0.0,3.0,4.0,5.0,29.0,0.0,12.0,6.0,0.0,
Sean Strickland,MMA,33.0,73.0,76.0,6.01,4.48,0.78,0.17,62.0,77.0,0.26,939.0,1891.0,75.0,103.0,11.0,13.0,4.0,42.0,64.0,29.0,6.0,0.0
Vineesh Subrahmanyan,,,,,,,,,,,,,,,,,,,,,,,
Lukasz Sudolski,,30.0,76.0,75.5,5.7,4.89,0.0,0.0,28.0,100.0,0.0,221.0,9.0,12.0,0.0,0.0,0.0,0.0,68.0,0.0,1.0,0.0,
Danilo Suzart,,32.0,,,4.09,11.73,0.0,0.0,52.0,0.0,220.0,12.0,3.0,0.0,0.0,0.0,0.0,56.0,0.0,1.0,0.0,,
Daniel Swain,,32.0,,,0.8,3.2,0.0,6.0,41.0,0.0,300.0,3.0,1.0,0.0,0.0,0.0,0.0,44.0,20.0,10.0,1.0,,
Cub Swanson,Brazilian Jiu-Jitsu,40.0,68.0,70.0,4.67,3.86,1.04,0.4,59.0,63.0,0.36,701.0,1393.0,192.0,162.0,13.0,11.0,4.0,51.0,50.0,29.0,14.0,0.0
Evan Sweesy,,,,,,,,,,,,,,,,,,,,,,,
Oumar Sy,MMA,28.0,76.0,83.0,0.0,0.81,8.07,4.04,25.0,0.0,223.0,0.0,0.0,0.0,4.0,2.0,4.0,0.0,67.0,10.0,0.0,0.0,
Kevin Syler,,29.0,69.0,,5.6,4.03,1.0,2.0,48.0,78.0,0.0,900.0,136.0,4.0,28.0,0.0,0.0,0.0,69.0,40.0,10.0,1.0,0.0
Kevin Szaflarski,,28.0,77.0,77.5,1.13,8.07,0.0,0.0,30.0,0.0,900.0,17.0,0.0,0.0,0.0,0.0,0.0,28.0,0.0,0.0,1.0,0.0,
Justin Tafa,Striker,30.0,72.0,74.0,4.09,5.02,0.0,0.0,48.0,50.0,1.11,360.0,187.0,26.0,8.0,7.0,0.0,0.0,55.0,0.0,7.0,4.0,0.0
Junior Tafa,Kickboxer,27.0,75.0,72.0,1.81,1.86,0.0,0.0,50.0,81.0,0.66,453.0,26.0,14.0,1.0,5.0,0.0,0.0,41.0,5.0,2.0,0.0,
Tatsuro Taira,,24.0,67.0,70.0,3.56,1.7,2.35,2.09,47.0,63.0,0.52,576.0,91.0,8.0,106.0,5.0,4.0,7.0,66.0,47.0,16.0,0.0,0.0
Montrel Talbert,,30.0,,,,,,,,,,,,,,,,,,,,,
Payton Talbott,,25.0,70.0,70.5,8.38,3.57,0.0,0.47,51.0,90.0,0.95,475.0,207.0,14.0,44.0,7.0,1.0,1.0,56.0,0.0,9.0,0.0,0.0
Murtaza Talha,,27.0,,,4.91,8.29,0.0,0.0,30.0,100.0,0.0,586.0,25.0,23.0,0.0,0.0,0.0,0.0,59.0,0.0,0.0,1.0,0.0
Brad Tavares,MMA,36.0,73.0,74.0,3.38,3.15,0.78,0.0,56.0,81.0,0.2,769.0,870.0,133.0,38.0,5.0,12.0,2.0,43.0,27.0,20.0,10.0,0.0
Ramon Taveras,MMA,30.0,68.0,70.0,4.63,5.41,0.0,0.0,65.0,100.0,1.67,358.0,79.0,1.0,3.0,5.0,2.0,3.0,45.0,10.0,2.0,0.0,
Testy Test,,,,,,,,,,,,,,,,,,,,,,,
David Teymur,,34.0,69.0,73.0,4.69,3.53,0.94,0.0,55.0,78.0,0.71,638.0,270.0,21.0,8.0,4.0,4.0,0.0,43.0,33.0,8.0,2.0,0.0
Timothy Thomas,,34.0,,,,,,,,,,,,,,,,,,,,,
Stephen Thompson,Karate,41.0,72.0,75.0,4.11,3.03,0.26,0.0,55.0,66.0,0.51,877.0,1085.0,72.0,45.0,8.0,8.0,1.0,46.0,42.0,17.0,7.0,1.0
Denis Tiuliulin,Striker,36.0,73.0,77.0,3.61,5.23,0.96,0.0,38.0,72.0,0.64,470.0,142.0,22.0,6.0,9.0,1.0,0.0,41.0,43.0,11.0,10.0,0.0
Duško Todorović,MMA,29.0,73.0,74.0,5.54,4.55,0.96,0.0,47.0,45.0,0.0,469.0,156.0,125.0,65.0,8.0,1.0,3.0,58.0,13.0,12.0,4.0,0.0
Tuco Tokkos,Brazilian Jiu-Jitsu,33.0,76.0,76.0,3.26,4.57,1.96,0.0,45.0,33.0,0.0,230.0,24.0,1.0,0.0,6.0,2.0,2.0,43.0,100.0,10.0,4.0,0.0
Ilia Topuria,Brazilian Jiu-Jitsu,27.0,67.0,69.0,4.4,3.35,1.92,1.28,65.0,93.0,1.07,602.0,230.0,12.0,67.0,5.0,1.0,8.0,46.0,56.0,15.0,0.0,0.0
Manuel Torres,MMA,28.0,70.0,73.5,8.14,3.15,3.26,1.63,57.0,89.0,4.88,138.0,60.0,7.0,8.0,7.0,1.0,7.0,59.0,67.0,15.0,2.0,0.0
Antonio Trocoli,Muay Thai,33.0,77.0,80.0,1.28,6.1,0.91,0.91,24.0,100.0,0.0,492.0,16.0,5.0,0.0,3.0,4.0,5.0,51.0,13.0,12.0,4.0,0.0
Arman Tsarukyan,Kickboxer,27.0,67.0,72.5,3.79,1.84,3.25,0.0,54.0,75.0,0.32,756.0,331.0,40.0,154.0,9.0,8.0,5.0,49.0,37.0,22.0,3.0,0.0
Rei Tsuruya,MMA,22.0,66.0,68.0,2.28,1.31,5.45,2.54,47.0,50.0,0.0,620.0,20.0,4.0,70.0,4.0,1.0,4.0,61.0,50.0,10.0,0.0,0.0
Gavin Tucker,Jiu-Jitsu,37.0,66.5,66.0,4.29,4.18,3.13,1.46,57.0,54.0,0.0,617.0,247.0,49.0,13.0,4.0,3.0,6.0,45.0,44.0,13.0,3.0,0.0
Tai Tuivasa,,31.0,74.0,75.0,3.96,5.05,0.0,0.0,43.0,58.0,1.19,403.0,281.0,104.0,14.0,14.0,1.0,0.0,50.0,0.0,15.0,7.0,0.0
Marco Tulio,,,,,3.2,2.2,2.0,1.0,52.0,0.0,900.0,37.0,1.0,10.0,0.0,0.0,0.0,49.0,25.0,1.0,0.0,0.0,
Anton Turkalj,MMA,27.0,76.0,78.0,2.45,3.42,4.98,0.0,54.0,17.0,0.0,578.0,94.0,15.0,9.0,5.0,1.0,2.0,43.0,41.0,8.0,4.0,0.0
Wellington Turman,Jiu-Jitsu,27.0,72.0,72.0,3.23,4.17,1.55,0.78,45.0,43.0,0.0,644.0,237.0,51.0,24.0,4.0,6.0,8.0,51.0,21.0,18.0,8.0,0.0
Jalin Turner,MMA,29.0,75.0,77.0,5.6,4.57,0.79,1.11,42.0,74.0,1.27,437.0,385.0,52.0,93.0,10.0,0.0,4.0,49.0,56.0,14.0,8.0,0.0
Austin Tweedy,,32.0,69.0,68.0,4.29,6.43,0.0,0.0,0.0,28.0,2.0,0.0,0.0,0.0,0.0,0.0,67.0,8.0,2.0,0.0,,,
Marcin Tybura,MMA,38.0,75.0,78.0,3.57,3.34,1.42,0.13,55.0,77.0,0.07,667.0,541.0,78.0,176.0,9.0,9.0,7.0,49.0,33.0,25.0,9.0,0.0
Tagir Ulanbekov,Grappler,33.0,67.0,70.0,3.22,3.3,3.71,2.12,51.0,61.0,0.27,679.0,135.0,29.0,18.0,1.0,7.0,7.0,46.0,47.0,16.0,2.0,0.0
Carlos Ulberg,Kickboxer,33.0,76.0,77.0,7.41,3.6,0.95,0.32,53.0,75.0,1.89,356.0,301.0,22.0,29.0,7.0,2.0,2.0,60.0,75.0,11.0,1.0,0.0
Elias Urbina,,29.0,0.0,,3.85,6.17,0.0,0.0,51.0,0.0,467.0,25.0,5.0,0.0,1.0,1.0,1.0,38.0,0.0,3.0,1.0,0.0,
Gilbert Urbina,MMA,27.0,69.0,75.0,5.61,4.61,3.01,0.75,45.0,0.75,399.0,58.0,22.0,32.0,2.0,3.0,2.0,57.0,44.0,7.0,4.0,0.0,
Nick Urso,,37.0,66.0,66.0,3.61,5.06,0.0,0.0,36.0,0.0,83.0,4.0,1.0,0.0,2.0,5.0,3.0,45.0,0.0,10.0,4.0,0.0,
Kamaru Usman,Freestyle,37.0,72.0,76.0,4.36,2.74,2.82,0.1,54.0,90.0,0.48,1047.0,787.0,236.0,347.0,9.0,10.0,1.0,52.0,45.0,20.0,4.0,0.0
Mohammed Usman,MMA,35.0,74.0,79.0,3.41,4.41,0.69,0.0,50.0,60.0,0.23,787.0,212.0,6.0,6.0,4.0,5.0,2.0,37.0,18.0,11.0,4.0,0.0
Ivan Valenzuela,,30.0,,,0.0,9.6,0.0,0.0,33.0,0.0,25.0,0.0,0.0,0.0,0.0,0.0,0.0,0.0,0.0,1.0,0.0,,
Kevin Vallejos,,21.0,,,4.73,5.8,0.0,0.0,51.0,67.0,0.0,900.0,69.0,2.0,0.0,0.0,0.0,0.0,45.0,0.0,0.0,1.0,0.0
Joshua Van,Freestyle,22.0,65.0,65.0,8.55,6.34,1.2,0.0,59.0,81.0,0.3,748.0,380.0,33.0,13.0,6.0,3.0,2.0,53.0,50.0,10.0,2.0,0.0
Lando Vannata,MMA,31.0,69.0,71.0,4.52,4.76,1.09,0.3,55.0,69.0,0.5,699.0,597.0,53.0,34.0,4.0,3.0,5.0,45.0,38.0,12.0,7.0,2.0
Manny Vazquez,,29.0,70.0,72.0,1.47,2.67,1.0,1.0,49.0,1.0,900.0,15.0,4.0,3.0,1.0,4.0,6.0,42.0,33.0,11.0,2.0,0.0,
Greg Velasco,,,,,0.0,1.52,0.0,0.0,0.0,158.0,0.0,0.0,0.0,0.0,0.0,0.0,0.0,1.0,0.0,,,,
Carlos Vera,Jiu-Jitsu,36.0,66.0,69.5,0.8,2.53,0.0,0.0,46.0,0.0,900.0,6.0,1.0,5.0,1.0,5.0,5.0,48.0,11.0,4.0,0.0,,
Marlon Vera,Grappler,31.0,68.0,70.5,4.27,5.37,0.51,0.83,50.0,73.0,0.56,809.0,1087.0,144.0,151.0,8.0,5.0,10.0,49.0,39.0,23.0,10.0,1.0
Nikolay Veretennikov,,34.0,73.0,74.0,3.4,3.33,0.0,0.0,55.0,60.0,0.0,900.0,86.0,9.0,7.0,0.0,0.0,0.0,60.0,0.0,12.0,4.0,0.0
CJ Vergara,Freestyle,32.0,66.0,68.0,5.24,4.62,0.0,0.19,53.0,61.0,0.38,678.0,289.0,41.0,84.0,7.0,5.0,0.0,58.0,12.0,5.0,1.0,
Marvin Vettori,MMA,30.0,72.0,74.0,4.56,4.24,1.66,0.47,57.0,69.0,0.06,1015.0,982.0,78.0,96.0,2.0,7.0,9.0,46.0,45.0,19.0,7.0,1.0
Rodolfo Vieira,Brazilian Jiu-Jitsu,34.0,72.0,73.0,3.19,4.6,4.18,1.57,49.0,100.0,0.0,492.0,151.0,8.0,24.0,1.0,0.0,9.0,55.0,30.0,10.0,2.0,0.0
Mateo Vogel,,27.0,,,4.47,2.87,1.0,0.0,66.0,0.0,900.0,64.0,3.0,0.0,0.0,0.0,0.0,46.0,17.0,0.0,1.0,0.0,
Alexander Volkanovski,,35.0,66.0,71.5,6.16,3.44,1.78,0.18,58.0,70.0,0.36,949.0,1157.0,144.0,258.0,13.0,9.0,3.0,57.0,38.0,26.0,4.0,0.0
Alexander Volkov,Brazilian Jiu-Jitsu,35.0,79.0,80.0,5.13,3.0,0.45,0.19,55.0,73.0,0.26,770.0,966.0,146.0,73.0,24.0,9.0,3.0,57.0,64.0,38.0,10.0,0.0
Jordan Vucenic,MMA,28.0,70.5,73.0,2.27,2.0,0.0,0.0,56.0,75.0,1.0,900.0,24.0,7.0,3.0,2.0,5.0,6.0,40.0,0.0,13.0,3.0,0.0
Chase Waldon,,36.0,73.0,75.0,1.03,6.72,7.76,0.0,38.0,0.0,116.0,2.0,0.0,0.0,3.0,3.0,5.0,29.0,33.0,11.0,3.0,0.0,
Johnny Walker,MMA,32.0,78.0,82.0,3.87,3.12,0.45,0.89,44.0,57.0,0.6,403.0,275.0,37.0,78.0,16.0,2.0,3.0,53.0,100.0,21.0,9.0,0.0
Valter Walker,MMA,26.0,78.0,78.5,2.2,3.87,4.0,0.0,43.0,0.0,900.0,23.0,2.0,8.0,6.0,4.0,1.0,49.0,80.0,11.0,1.0,0.0,
Austin Wall,,,,,,,,,,,,,,,,,,,,,,,
Joshua Wang-Kim,,30.0,,,2.95,4.43,1.17,0.0,61.0,67.0,0.0,772.0,37.0,1.0,0.0,0.0,0.0,0.0,40.0,100.0,0.0,1.0,0.0
Chris Weidman,,39.0,74.0,78.0,3.18,3.22,3.44,0.78,52.0,65.0,0.31,605.0,404.0,58.0,148.0,6.0,6.0,4.0,45.0,43.0,16.0,7.0,0.0
Dakota Weigher,,33.0,,,,,,,,,,,,,,,,,,,,,
Jeremiah Wells,Brazilian Jiu-Jitsu,37.0,69.0,74.0,2.41,1.31,3.08,0.84,49.0,80.0,0.56,535.0,64.0,5.0,60.0,5.0,3.0,4.0,43.0,44.0,12.0,4.0,1.0
Sheldon Westcott,,38.0,73.0,71.0,2.26,3.73,3.23,0.0,37.0,14.0,0.0,558.0,10.0,20.0,33.0,4.0,2.0,4.0,41.0,38.0,10.0,3.0,1.0
Patrik White,,30.0,72.0,72.0,9.77,6.28,0.0,0.0,61.0,50.0,0.0,344.0,46.0,9.0,1.0,0.0,0.0,0.0,49.0,0.0,1.0,0.0,
Robert Whittaker,Brazilian Jiu-Jitsu,33.0,72.0,73.5,4.58,3.44,0.8,0.0,60.0,83.0,0.55,813.0,1184.0,93.0,90.0,10.0,10.0,5.0,43.0,38.0,27.0,7.0,0.0
Josh Wick,,28.0,,,0.65,6.52,0.0,0.0,41.0,80.0,0.0,276.0,3.0,0.0,0.0,0.0,0.0,0.0,60.0,0.0,1.0,0.0,
Karl Williams,MMA,34.0,75.0,79.0,2.68,2.15,4.2,0.2,56.0,100.0,0.2,900.0,145.0,7.0,49.0,3.0,7.0,0.0,49.0,49.0,10.0,2.0,0.0
Nathaniel Wood,MMA,31.0,66.0,69.0,5.75,4.0,1.56,0.52,56.0,73.0,0.31,788.0,712.0,48.0,71.0,8.0,7.0,5.0,51.0,48.0,21.0,6.0,0.0
Val Woodburn,Freestyle,30.0,68.0,74.0,1.6,4.93,1.92,0.0,36.0,50.0,0.96,469.0,17.0,5.0,3.0,5.0,2.0,0.0,36.0,100.0,7.0,2.0,0.0
Rani Yahya,MMA,39.0,66.0,67.0,1.71,2.08,2.73,1.82,50.0,29.0,0.0,601.0,365.0,31.0,83.0,0.0,7.0,21.0,39.0,31.0,28.0,12.0,1.0
Mohammad Yahya,MMA,30.0,69.0,73.0,2.38,4.96,0.76,0.76,39.0,43.0,0.0,593.0,45.0,2.0,0.0,7.0,4.0,2.0,43.0,100.0,12.0,5.0,0.0
Petr Yan,Boxer,31.0,67.5,67.0,5.14,4.36,1.73,0.14,59.0,85.0,0.69,1002.0,806.0,122.0,187.0,7.0,8.0,1.0,54.0,51.0,17.0,5.0,0.0
Sang Hoon Yoo,,33.0,,,5.0,7.27,1.0,1.0,27.0,75.0,0.0,845.0,56.0,19.0,0.0,0.0,0.0,0.0,67.0,100.0,1.0,0.0,0.0
Shane Young,MMA,30.0,68.0,72.5,5.19,5.46,0.63,0.0,53.0,64.0,0.21,616.0,347.0,26.0,0.0,6.0,3.0,4.0,41.0,19.0,13.0,8.0,0.0
Aiemann Zahabi,MMA,36.0,68.0,68.5,3.43,3.61,0.2,0.0,71.0,79.0,0.59,652.0,243.0,11.0,7.0,6.0,2.0,2.0,44.0,17.0,11.0,2.0,0.0
